{"(-1, -1, -1, -1, 5, 0, -1, 0, 0)": [-89.02698149404088, -89.13241098577505, -89.29582400192777, -89.03698546824404], "(-1, -1, -1, 0, 5, 1, 0, 0, 1)": [-419.9168014773284, -321.70574091221494, -580.0995716109554, -1141.192290489208], "(-1, -1, -1, 0, 0, 1, 0, 0, 1)": [-112.78757546604425, -112.8308110567536, -119.58596788898521, -848.2100066799201], "(-1, -1, -1, 0, 1, 0, 0, 1, 0)": [0, 0, 0, 0], "(-1, -1, -1, -1, 0, 0, -1, 0, 0)": [-77.69390867310169, -77.36623113729448, -77.18005359916971, -77.11727392799929], "(-1, 0, 0, -1, 5, 0, -1, 1, 0)": [-191.41585938601332, -652.2695850396595, -126.6265533002239, -227.6971746472639], "(0, 0, 1, 0, 5, 1, 1, 0, 0)": [-398.4462607054607, -378.4548002588274, -467.7497145028729, -1390.2723144796882], "(0, 0, 1, 1, 5, 0, 0, 0, 0)": [-380.67949805985205, -507.4319878514791, -1351.3785743609712, -763.6800694893727], "(0, 1, 0, 0, 1, 0, 0, 0, 0)": [0, 0, 0, 0], "(-1, 0, 0, -1, 1, 0, -1, 0, 0)": [0, 0, 0, 0], "(-1, 0, 0, -1, 0, 0, -1, 1, 0)": [-463.60661521484633, -1173.0750788427406, -130.00406711289477, -926.3330423565003], "(1, 0, 0, 0, 5, 0, 0, 0, 1)": [-5.229348796689969, -4.612238130602709, -5.53992231150032, -5.15582923747995], "(1, 0, 0, 0, 5, 0, 1, 0, 0)": [-8.567536440810912, -8.77182501343763, -8.39913679296268, -8.22805249957277], "(0, 1, 0, 0, 5, 0, 0, 0, 0)": [-341.98077799, -235.50085147233614, -239.89838849987453, -222.39143456168614], "(1, 0, 0, 0, 5, 0, 0, 0, 0)": [-100.96047555956423, -53.78147065805779, -58.38188065490887, -50.74157492810939], "(-1, 1, 0, -1, 5, 0, -1, 0, 0)": [-109.0, -31.90470762679857, -24.665202336194085, -26.282854916125896], "(0, 0, 0, 0, 5, 0, 0, 0, 0)": [-154.56946346708384, -153.6466310369734, -149.9329313387236, -144.53681912306166], "(0, 0, 0, 0, 5, 0, 0, 1, 0)": [-33.300431575639216, -193.57998631033985, -35.7907179979951, -33.171486809667456], "(-1, 0, 0, -1, 5, 0, -1, 0, 0)": [-20.781281765247414, -12.748627623862102, -7.825302791449211, -8.566652290161294], "(-1, 1, 0, -1, 0, 0, -1, 1, 0)": [-109.0, -109.0, -17.14240044661988, -19.8829], "(0, 0, 0, 0, 1, 0, 0, 0, 0)": [0, 0, 0, 0], "(1, 0, 0, 0, 5, 1, 0, 0, 0)": [-31.59660135569566, -38.58867636486039, -35.103789568900005, -100.10677510000001], "(1, 0, 0, 1, 5, 0, 0, 0, 0)": [-12.9763653873401, -8.959941033844691, -100.0, -9.818019], "(-1, -1, -1, 1, 5, 0, 1, 0, 0)": [-2.0900000000000003, -1.106929, -100.099, -1.0], "(-1, -1, -1, 1, 0, 0, 1, 0, 0)": [-1.199, 0, 0, 0], "(0, 0, 1, 0, 5, 0, 0, 0, 0)": [-6.85201428739097, -7.209789239776909, -6.673165658308246, -7.289673826997861], "(1, 0, 0, 0, 5, 0, 1, 0, 1)": [-4.033433157594907, -2.7703713969000003, -4.836538029566081, -3.40416495675099], "(0, 0, 0, 0, 0, 0, 0, 0, 0)": [-7.205355441751315, -6.862776161892836, -6.9849895760296095, -7.1363358021106045], "(0, 0, 0, 1, 5, 0, 0, 0, 0)": [-28.592806533659655, -24.38962431683329, -100.0, -126.23430245339134], "(0, 0, 0, 0, 5, 0, 1, 0, 0)": [-5.007239607879039, -4.704769890264363, -5.104205551344304, -5.446144879634615], "(0, 0, 0, 0, 5, 0, 0, 0, 1)": [-9.384001721001285, -9.237563493220991, -9.47896700779831, -9.242034756508053], "(0, 0, 0, 0, 5, 1, 0, 0, 0)": [-57.56440043143958, -194.810676760395, -47.22017847983121, -192.46017240409498], "(0, 0, 0, 0, 5, 1, 0, 1, 0)": [-1.2285300000000001, -100.09, -2.2838029121099996, -100.0], "(0, 0, 1, 0, 0, 0, -1, -1, -1)": [-0.2, -9.111178, -0.2, 190.0], "(-1, 1, 0, -1, 5, 0, -1, 1, 0)": [-100.0, -100.0, -18.52748041991051, -18.068282110000002], "(-1, 0, 0, -1, 0, 0, -1, 0, 0)": [-15.203265311915148, -15.693466426092378, -15.788284377720807, -16.173965721489473], "(-1, 1, 0, -1, 0, 0, -1, 0, 0)": [-100.0, -100.0, -18.450432800443103, -16.538579269616072], "(1, 0, 1, 0, 5, 0, 0, 0, 0)": [-0.9, -1.4497, -1.1348757, -0.8197], "(0, 0, 0, 0, 5, 0, 1, 0, 1)": [-0.76, -0.597404, -0.8215600000000001, -0.78349376], "(0, 0, -1, 0, 5, -1, 0, 1, -1)": [-57.309930770798005, -100.027, -57.170036776339344, -29.948020765011414], "(0, 0, -1, 0, 5, -1, 0, 0, -1)": [-13.370094929344269, -13.23890666601143, -13.227928145128717, -13.440179060370628], "(0, 0, 0, 1, 5, 1, -1, -1, -1)": [-0.30000000000000004, -0.2, -100.0, -0.1], "(0, 0, 0, 1, 5, 0, -1, -1, -1)": [-9.5969487, -9.5665187, -100.027, -9.2955187], "(0, 0, -1, 0, 1, -1, 1, 0, -1)": [0, 0, 0, 0], "(0, 0, 0, 0, 5, 0, -1, -1, -1)": [-10.32546284364674, -10.629072903614727, -10.267289864742665, -10.2510561064057], "(0, 0, 0, 0, 5, 1, -1, -1, -1)": [-16.86738726497846, -25.98439408350962, -11.80214181326462, -366.53752383570463], "(0, 0, 0, 0, 1, 0, -1, -1, -1)": [0, 0, 0, 0], "(0, 0, -1, 0, 0, -1, 0, 0, -1)": [-3.892107952951897, -3.3791656920087765, -5.026756274005746, -3.7991017158104876], "(0, 0, -1, 0, 0, -1, 0, 1, -1)": [-41.39826445511633, -705.8215223819742, -97.34339008312087, -27.545106286689702], "(0, 0, -1, 0, 1, -1, 0, 0, -1)": [0, 0, 0, 0], "(0, 0, 0, 1, 0, 1, -1, -1, -1)": [0, 0, 0, 0], "(-1, -1, -1, 1, 0, 0, 0, 0, 0)": [-0.8, -0.7000000000000001, -100.0, -0.76948], "(0, 1, 0, 0, 5, 0, 1, 0, 0)": [-100.0, -0.7000000000000001, -0.9, -0.7000000000000001], "(-1, -1, -1, 0, 1, 0, 0, 0, 0)": [0, 0, 0, 0], "(0, 0, 0, 1, 5, 1, 0, 0, 0)": [-1.9, -1.6001, -100.0, -1.52], "(0, 0, 0, 1, 0, 0, -1, -1, -1)": [-0.30000000000000004, -0.22043000000000001, -100.0, 0], "(0, 0, 1, 0, 1, 0, -1, -1, -1)": [0, 0, 0, 0], "(0, 0, 1, 0, 5, 0, 1, 0, 0)": [-1.71, -2.21898320269, -1.791, -2.2855571026900003], "(0, 1, 1, 0, 5, 0, 0, 0, 0)": [-100.0, -4.145194693870001, -4.809422700000001, -4.0829011783], "(1, 0, -1, 0, 5, -1, 0, 0, -1)": [-1.8970000000000002, -1.624977198923, -2.319256864393, -1.5791768272230002], "(-1, -1, -1, 1, 5, -1, 0, 0, -1)": [-0.7000000000000001, 0, 0, 0], "(-1, -1, -1, 1, 0, -1, 0, 0, -1)": [-0.7000000000000001, -0.713373, 0, 0], "(-1, -1, -1, 0, 5, -1, 0, 0, -1)": [-0.8197, -1.3164000000000002, -0.87863957, -1.40863957], "(-1, -1, -1, 0, 0, -1, 0, 0, -1)": [-0.8197, -0.70923957, 0, 0], "(1, 1, 0, 0, 5, 0, 0, 0, 0)": [-182.64464488, -32.496254913680886, -24.06290730370973, -27.140282231901114], "(-1, -1, -1, 1, 1, 0, 0, 0, 0)": [0, 0, 0, 0], "(-1, 0, 0, -1, 5, 0, -1, -1, -1)": [-2.9741926773810134, -2.8069845211579048, -2.845113139043577, -2.568222003962544], "(0, 0, 0, 0, 0, 1, -1, -1, -1)": [-3.10231374314291, -3.359823125106376, -2.9083432563323965, -100.08550000000001], "(0, 0, 0, 0, 0, 0, -1, -1, -1)": [-2.9529234077662423, -2.5342362188600003, -2.2564446, -2.1179440534000005], "(1, 0, 0, 1, 5, 0, 0, 0, 1)": [-2.0900000000000003, -2.551851, -100.0, -2.439], "(0, 0, 1, 0, 5, 0, 0, 1, 0)": [-15.573237310000001, -100.0, -15.085370279521001, -8.290124900000002], "(-1, -1, -1, 0, 5, 1, 0, 0, 0)": [-1.0, -1.7910000000000001, -1.1, -100.09], "(-1, -1, -1, 0, 0, 1, 0, 0, 0)": [-1.0, 0, 0, 0], "(0, 1, -1, 1, 0, -1, -1, -1, -1)": [0, 0, 0, 0], "(-1, 0, 0, -1, 0, 0, -1, -1, -1)": [-2.168, -1.970773, -1.8970000000000002, -1.7280357000000004], "(1, 0, -1, 0, 0, -1, 0, 0, -1)": [-0.7000000000000001, -0.5, 0, 0], "(-1, -1, -1, 0, 1, 1, 0, 0, 0)": [0, 0, 0, 0], "(0, 1, 1, 0, 5, 0, 1, 0, 0)": [-100.0, -1.8970000000000002, -1.71, -1.5910000000000002], "(0, 1, -1, 0, 0, -1, -1, -1, -1)": [0, 0, 0, 0]}