{"(-1, -1, -1, -1, 5, 0, -1, 0, 1)": [-49.87277892875974, -50.0205386519721, -50.798602380966685, -50.21564685939427], "(-1, 0, 0, -1, 5, 0, -1, 0, 1)": [-67.7422252129791, -67.6928235409511, -67.72345296737015, -84.83046705162818], "(-1, -1, -1, -1, 0, 0, -1, 0, 1)": [-43.25228481517412, -43.70477119549328, -43.48599833064293, -43.80367049320684], "(-1, -1, -1, -1, 0, 0, -1, 0, 0)": [-67.96099901051758, -68.14426865990416, -67.6517370793673, -68.22399766525623], "(-1, 0, 0, -1, 0, 0, -1, 0, 1)": [-33.17227419892625, -25.412112325807392, -25.178651860835014, -108.39050204648524], "(-1, -1, -1, -1, 5, 0, -1, 0, 0)": [-75.79435129327777, -75.08538534743326, -75.24097489225053, -75.3124638521131], "(-1, 0, 0, -1, 5, 1, -1, 0, 1)": [-41.02842260886166, -31.221514305495166, -48.96519292621883, -331.9126904747045], "(-1, 0, 0, -1, 5, 1, -1, 0, 0)": [-221.8630183143409, -235.19828085107116, -217.81291590634, -503.53316110012275], "(0, 0, 0, 0, 0, 1, 0, 1, 1)": [-35.6732093703245, -100.117, -39.761441491439825, -100.117], "(-1, -1, -1, 0, 5, 0, 0, 1, 1)": [-99.76571504694203, -923.0734449770962, -101.81802083050204, -98.89244806873685], "(-1, -1, -1, 0, 0, 0, 0, 1, 1)": [-105.39366750431947, -494.75203821213563, -114.1596472632003, -105.006544361503], "(-1, -1, -1, 0, 0, 0, 0, 0, 1)": [-105.7429059360226, -182.4889882531661, -105.01231506635335, -104.84594396743175], "(-1, -1, -1, 0, 5, 0, 0, 0, 1)": [-75.48144054122464, -93.17842911662224, -79.39134331297748, -75.35981764207651], "(-1, 0, 1, -1, 5, 1, -1, 1, 0)": [-152.26568244648053, -278.6431952414042, -141.91015758427764, -494.27465539851534], "(0, 0, 1, 0, 1, 1, 0, 0, 0)": [0, 0, 0, 0], "(0, 0, 0, 0, 1, 1, 0, 1, 1)": [0, 0, 0, 0], "(-1, 0, 0, -1, 0, 1, -1, 0, 1)": [-29.761639405700002, -8.416883933854521, -8.962156150446589, -100.126], "(0, 0, 0, 0, 1, 1, 1, 1, 0)": [0, 0, 0, 0], "(-1, 0, 1, -1, 0, 0, -1, 0, 0)": [-42.66214954816241, -44.499614023687656, -101.19517732000001, -40.417689866748795], "(-1, 0, 0, -1, 0, 1, -1, 0, 0)": [-371.97897437047595, -392.484216755607, -226.0360913701601, -895.6166978727639], "(-1, 0, 1, -1, 1, 0, -1, 0, 0)": [0, 0, 0, 0], "(-1, 0, 0, -1, 5, 0, -1, 0, 0)": [-87.91167472006211, -37.658649964301745, -33.51918267107549, -41.76597890718181], "(0, 1, 1, 1, 5, 0, 0, 0, 0)": [-117.10000000000001, -34.24197824681781, -339.1596236223618, -16.988764707167817], "(0, 1, 1, 0, 1, 1, 1, 0, 0)": [0, 0, 0, 0], "(-1, 0, 0, -1, 0, 0, -1, 0, 0)": [-96.46658663270522, -27.827334826592736, -27.914845708058422, -30.000837865607473], "(-1, 1, 0, -1, 5, 0, -1, 0, 0)": [-109.0, -11.587738680000003, -11.202638680000002, -9.151632090000001], "(-1, -1, -1, 0, 5, 0, 1, 1, 0)": [-94.88395685800036, -1042.7343771610238, -93.22259720566707, -489.67543878378126], "(-1, -1, -1, 0, 0, 0, 1, 1, 0)": [-90.9760552048195, -678.9367461140531, -90.74845127677241, -180.77976139088827], "(0, 0, 0, 1, 1, 0, 1, 0, 0)": [0, 0, 0, 0], "(0, 1, 1, 0, 5, 0, 0, 0, 0)": [-496.70830395136625, -84.94693259446996, -94.95976764374738, -42.83290656419363], "(1, 0, 0, 0, 5, 0, 0, 0, 0)": [-18.066887332611746, -18.22455009839219, -17.54800718791384, -18.021464146037218], "(-1, -1, -1, 0, 5, 0, 1, 1, 1)": [-87.41190565617946, -728.183529665746, -87.18216756312653, -87.1521696731924], "(-1, -1, -1, 0, 0, 0, 1, 1, 1)": [-42.622291293646704, -529.346727767942, -42.935799968647316, -42.28827376472478], "(-1, -1, -1, 0, 5, 1, 1, 0, 1)": [-25.780412010816036, -24.7483751443909, -26.275686089178222, -272.83188117627554], "(-1, -1, -1, 0, 0, 1, 1, 0, 1)": [-13.431127649457636, -13.559133764592765, -14.686180267182761, -272.43601342140806], "(-1, -1, -1, 0, 0, 1, 1, 0, 0)": [-71.71115523960715, -74.10842236012671, -67.99986661093419, -276.0940210127758], "(0, 0, 1, 1, 5, 0, 0, 0, 0)": [-153.82756774480202, -145.69434930564927, -285.400787535042, -217.32952114687396], "(-1, -1, -1, 0, 5, 1, 1, 0, 0)": [-47.33879777336092, -48.95452338091536, -45.82926335763812, -100.0], "(-1, -1, -1, 0, 1, 0, 0, 0, 0)": [0, 0, 0, 0], "(0, 0, 0, 1, 1, 1, 1, 1, 0)": [0, 0, 0, 0], "(-1, 0, 1, -1, 0, 1, -1, 1, 0)": [-233.20987401556485, -534.3976310752417, -210.97559788128598, -634.2471318511584], "(0, 0, 1, 1, 5, 1, 0, 0, 0)": [-68.98514560346568, -67.19007967270265, -191.2091851, -101.92918510000001], "(0, 0, 0, 0, 5, 0, 0, 0, 0)": [-235.89034032184682, -164.99502452837837, -217.44541357532034, -228.640232557297], "(0, 0, 0, 0, 5, 0, 0, 0, 1)": [-2.355683333499, -2.8113628444990004, -2.307853643499, -2.48935940611], "(-1, 0, 0, -1, 5, 0, -1, -1, -1)": [-7.399458762252028, -7.769899061423854, -7.060501717872504, -7.200118236251171], "(-1, 0, 0, -1, 0, 0, -1, -1, -1)": [-6.781512065860374, -6.6121937774889, -6.9547731789099245, -7.082693721810034], "(0, 0, 1, 0, 5, 0, -1, -1, -1)": [-1.33, -1.1400000000000001, -1.5621921700000003, -1.128263], "(0, 0, 0, 0, 5, 1, 0, 0, 0)": [-12.959503085403998, -5.468575765702065, -11.017467697007675, -100.13680000000001], "(0, 0, 0, 0, 0, 0, 0, 0, 0)": [-3.019256721902501, -3.090417870964661, -3.130305846051625, -2.7759272469117127], "(0, 0, 0, 0, 0, 0, 0, 0, 1)": [-1.5945971665299998, -1.765427, -2.084107449877, -1.6043532095300002], "(1, 0, 0, 0, 5, 0, 0, 0, 1)": [-8.833389622171035, -9.682433614106202, -8.874907454054371, -8.67819053047271], "(0, 0, 0, 0, 5, 0, -1, -1, -1)": [-6.036791988792006, -5.817919076947562, -5.7968545366169755, -5.917282388292395], "(1, 1, 0, 0, 5, 0, 0, 0, 0)": [-540.9483262757291, -126.03137437812978, -87.78269343037215, -82.1058408421091], "(0, 1, 1, 1, 1, 0, 0, 0, 0)": [0, 0, 0, 0], "(-1, -1, -1, 0, 1, 1, 0, 0, 0)": [0, 0, 0, 0], "(0, 1, 1, 0, 0, 0, 0, 0, 0)": [-100.0, -0.7000000000000001, -0.9630000000000001, 0], "(0, 1, 0, 0, 0, 0, 0, 0, 0)": [-117.10000000000001, -19.06261, -1.7793261, -17.8], "(-1, -1, -1, 0, 1, 0, 0, 1, 1)": [0, 0, 0, 0], "(0, 1, 1, 0, 5, 0, 0, 1, 0)": [-0.8, -128.82070000000002, -0.8, 0], "(0, 1, 1, 0, 1, 1, 0, 0, 0)": [0, 0, 0, 0], "(0, 0, 0, 0, 5, 1, 0, 1, 0)": [-11.124672150429744, -190.149112, -10.271977938988384, -100.0], "(1, 1, 0, 1, 5, 0, 0, 0, 0)": [-337.0969, -71.32921370936974, -124.39000000000001, -78.80134396675768], "(-1, 1, 0, -1, 0, 0, -1, 0, 0)": [-100.0, -4.27608, -3.439, -3.3080490000000005], "(0, 0, 0, 0, 5, 1, 0, 0, 1)": [-0.6000000000000001, -0.8557209400000001, -0.6000000000000001, -190.0], "(0, 0, 0, 1, 5, 0, 0, 1, 0)": [-0.6000000000000001, -100.14634000000001, -100.14634000000001, -0.76], "(0, 0, 0, 0, 5, 0, 1, 0, 0)": [-108.79300000000002, -0.95, -0.7000000000000001, -1.00067], "(1, 1, 1, 1, 1, 0, 0, 0, 0)": [0, 0, 0, 0], "(-1, -1, -1, 0, 1, 1, 0, 1, 1)": [0, 0, 0, 0], "(0, 0, 1, 0, 1, 0, 0, 0, 0)": [0, 0, 0, 0], "(1, 0, 1, 0, 5, 0, 0, 0, 1)": [-1.973543931, -1.9626100000000002, -2.9104517472669897, -2.0355100000000004], "(1, 0, 1, 0, 5, 0, 0, 0, 0)": [-3.8858710903816895, -4.020917960567619, -3.4040886813000006, -3.5826524111770004], "(0, 0, 0, 0, 5, 0, 0, 1, 0)": [-100.0, -100.612, -57.02180660000002, -64.47250029672402], "(0, 1, 0, 0, 1, 1, 0, 0, 0)": [0, 0, 0, 0], "(0, 0, 0, 0, 0, 0, -1, -1, -1)": [-2.6057965066, -2.6862700470000007, -2.7140665066, -2.6993860349000003], "(0, 0, 0, 0, 1, 0, 0, 1, 0)": [0, 0, 0, 0], "(0, 1, 0, 0, 5, 0, -1, -1, -1)": [-100.0, -0.5, -0.6000000000000001, -0.76], "(0, 0, 0, 0, 1, 0, 0, 0, 0)": [0, 0, 0, 0], "(0, 0, 0, 0, 1, 0, 1, 0, 1)": [0, 0, 0, 0], "(0, 1, 0, 0, 5, 0, 0, 0, 0)": [-100.0, 0, 0, 0], "(1, 0, 0, 0, 5, 0, -1, -1, -1)": [-0.5, -0.8455, -0.5, -0.5700000000000001], "(0, 0, 0, 1, 5, 0, 0, 0, 0)": [-1.1400000000000001, -0.863716, -100.0, -1.084], "(0, 0, 1, 0, 5, 0, 1, 0, 0)": [-0.7000000000000001, 0, 0, 0], "(1, 0, 0, 0, 0, 0, 0, 0, 0)": [-0.9368000000000001, -0.654, -0.8, 0], "(-1, -1, -1, 1, 0, 0, 0, 0, 0)": [-117.210808, -0.7000000000000001, 0, 0], "(-1, -1, -1, 1, 1, 1, 1, 1, 0)": [0, 0, 0, 0], "(0, 1, 0, 0, 0, 0, -1, -1, -1)": [-109.0, 0, 0, 0], "(-1, -1, -1, 1, 1, 1, 0, 0, 0)": [0, 0, 0, 0], "(1, 1, 1, 0, 0, 0, 0, 0, 0)": [-100.0, 0, 0, 0], "(1, 1, 0, 0, 5, 0, 1, 0, 0)": [-109.0, -0.5, 0, 0],