{"(-1, -1, -1, -1, 5, 0, -1, 0, 0)": [-0.1040973203890697, 0.9728237381002676, -0.04486784400999999, 0], "(-1, -1, -1, -1, 0, 0, -1, 0, 0)": [-0.1, 0.372471049, -0.062428951, 0], "(-1, 0, 0, -1, 5, 0, -1, 0, 0)": [-10.89431347271196, -49.49519240167394, -4.377261113516687, -11.56061169647275], "(0, 0, 0, 0, 5, 0, 0, 0, 0)": [-27.107906856210043, -17.24866054312502, -17.251630774663422, -19.014347443424583], "(-1, -1, -1, 0, 5, 0, 0, 0, 0)": [-0.1, 0.717570463519, 0, 0], "(-1, -1, -1, 0, 0, 0, 0, 0, 0)": [-0.10900000000000001, 0.1081171, 0, 0], "(0, 0, 0, 0, 0, 0, 0, 1, 0)": [-0.1, 0, 0, 0.40951000000000004], "(0, 0, 0, 0, 5, 0, 0, 1, 0)": [-0.1, -100.0, -0.1, 0], "(1, 0, 0, 0, 1, 0, 0, 1, 1)": [0, 0, 0, 0], "(-1, 0, 0, -1, 0, 0, -1, 0, 0)": [-0.3516722637078077, -3.695067962381118, -0.06480101036383262, 0.897233483896557], "(0, 0, 0, 0, 5, 0, 1, 0, 0)": [-0.1, 0.411734500489, -0.12439, 0], "(0, 0, 0, 0, 5, 0, 0, 0, 1)": [-0.1, 0.5228045541999999, 0, 0], "(0, 0, 0, 0, 5, 0, 1, 0, 1)": [-0.19, 0.19819000000000003, 0, 0.1], "(0, 0, 0, 0, 5, 1, 1, 0, 0)": [-0.1, -8.711241640999999, -0.1, 0], "(0, 0, 0, 1, 5, 1, 1, 1, 0)": [-0.1, -100.0, -100.0, 0], "(0, 0, 0, 0, 1, 0, 0, 1, 0)": [0, 0, 0, 0], "(-1, 0, 0, -1, 5, 0, -1, 0, 1)": [-0.1, 0.5139586254609101, 0, 0], "(-1, 0, 0, -1, 1, 0, -1, 0, 0)": [0, 0, 0, 0], "(0, 0, 1, 1, 0, 0, 1, 0, 1)": [-0.1, 0, 0, 0], "(1, 0, 1, 1, 0, 0, 1, 0, 1)": [0, 0, 0, 0], "(1, 0, 0, 0, 0, 0, 0, 1, 1)": [-0.1, -100.00900000000001, 0, 0], "(0, 0, 0, 1, 5, 0, 0, 0, 0)": [-0.1, 0.09100000000000001, 0, -8.59049], "(0, 0, 0, 1, 5, 1, 1, 0, 0)": [-0.19, 0.1, 0, -100.0], "(0, 0, 0, 0, 5, 1, 1, 1, 0)": [-0.1, -100.0, -0.09100000000000001, -100.0], "(0, 0, 0, 0, 1, 0, 1, 0, 0)": [0, 0, 0, 0], "(0, 0, 0, 1, 5, 0, 0, 1, 0)": [-0.1, -100.0, 0, 0], "(-1, 0, 0, -1, 5, 1, -1, 0, 1)": [-0.2071, 0.7609062672744581, -0.11710000000000001, 0], "(-1, 0, 0, -1, 0, 0, -1, 0, 1)": [-0.16466149000000002, 0.5596154523010001, 0, 0], "(1, 0, 1, 1, 1, 0, 1, 0, 1)": [0, 0, 0, 0], "(0, 0, 0, 0, 5, 1, 0, 0, 0)": [0, 0.3633263011323152, 0, -100.02439000000001], "(-1, -1, -1, 0, 5, 0, 0, 0, 1)": [0, 0, 0, 0], "(-1, -1, -1, 0, 0, 0, 0, 0, 1)": [-0.10900000000000001, 0.250759, 0, 0], "(0, 0, 1, 0, 5, 0, 0, 0, 0)": [-0.1, 0.5435906689000001, 0, 0], "(0, 0, -1, 0, 5, -1, 0, 0, -1)": [-0.10900000000000001, 0.11542249, 0, 0], "(0, 1, -1, 0, 5, -1, 0, 0, -1)": [-109.0, 0, 0, 0], "(0, 0, -1, 0, 1, -1, 0, 0, -1)": [0, 0, 0, 0], "(-1, 0, 0, -1, 5, 0, -1, 1, 0)": [-3.578710651742046, -100.0, -17.300577790000002, -26.000598806900005], "(-1, 0, 0, -1, 0, 0, -1, 1, 0)": [-0.199, -100.00900000000001, -0.10900000000000001, -8.818910000000002], "(0, 0, 1, 1, 1, 0, 1, 0, 1)": [0, 0, 0, 0], "(-1, 0, 0, -1, 1, 0, -1, 0, 1)": [0, 0, 0, 0], "(-1, 1, 0, -1, 5, 0, -1, 0, 1)": [-100.0, 0.199, 0, 0], "(1, 0, 0, 1, 5, 1, -1, -1, -1)": [-0.1, -0.1, -100.0, 0], "(0, 1, 1, 0, 1, 0, -1, -1, -1)": [0, 0, 0, 0], "(-1, 1, 0, -1, 0, 0, -1, 0, 1)": [0, 0, 0, 0.19], "(-1, 0, 1, -1, 5, 1, -1, -1, -1)": [-0.40462148080000004, -0.4536831808000001, -0.37048510000000007, -100.0], "(-1, 0, 0, -1, 0, 1, -1, 0, 1)": [0, 0, 0, -100.00900000000001], "(-1, 1, 0, -1, 5, 1, -1, 0, 1)": [-0.1, 0, 0, 0], "(0, 0, 0, 0, 1, 0, 0, 0, 0)": [0, 0, 0, 0], "(0, 0, 1, 0, 0, 0, 1, 0, 0)": [-0.1, 0.1, 0, 0], "(0, 0, 0, 1, 5, 0, -1, -1, -1)": [-100.0, 0, 0, 0], "(0, 0, 1, 0, 1, 0, 1, 0, 0)": [0, 0, 0, 0], "(0, 0, 0, 0, 1, 1, 0, 1, 0)": [0, 0, 0, 0], "(-1, 0, 1, -1, 5, 1, -1, 0, 1)": [-0.1, 0.19, 0, 0], "(-1, 0, 1, -1, 0, 1, -1, -1, -1)": [-0.5636608359038537, -0.6084736080552742, -0.49918842136419594, -190.07624622626494], "(0, 1, 0, 0, 1, 0, -1, -1, -1)": [0, 0, 0, 0], "(0, 0, -1, 0, 5, -1, 0, 1, -1)": [-0.1, 0, 0, 0], "(0, 0, -1, 0, 1, -1, 1, 0, -1)": [0, 0, 0, 0], "(1, 0, 0, 1, 0, 1, -1, -1, -1)": [0, 0, 0, 0], "(0, 0, 0, 0, 1, 1, -1, -1, -1)": [0, 0, 0, 0], "(0, 0, 0, 0, 5, 1, 0, 1, 0)": [0, 0, 0, 0], "(1, 0, 0, 0, 5, 0, 1, 0, 1)": [-0.1, -99.82900000000001, 0, 0], "(1, 0, 0, 0, 5, 0, 1, 1, 1)": [0, 0, 0, 0], "(0, 0, 0, 1, 0, 1, -1, -1, -1)": [0, 0, 0, 0], "(0, 0, 0, 1, 1, 1, -1, -1, -1)": [0, 0, 0, 0]}
