{"(-1, -1, -1, -1, 5, 0, -1, 0, 0)": [-161.61890594659297, -161.4195350062877, -161.97927449436207, -161.77133911596334], "(-1, -1, -1, -1, 0, 0, -1, 0, 0)": [-153.88982862578908, -153.8496252275101, -153.78434607551077, -153.5918578862264], "(-1, 0, 0, -1, 5, 0, -1, 0, 0)": [-196.94066731345174, -194.73746115627574, -197.53756023774082, -189.90504528020534], "(-1, 0, 0, -1, 0, 0, -1, 0, 0)": [-172.6574142772602, -171.35138209357936, -195.05511906207215, -172.34694078604218], "(0, 0, 0, 0, 5, 0, 0, 0, 0)": [-246.20206948498952, -234.99993153836863, -238.9367095249678, -221.39876284489387], "(-1, -1, -1, 0, 5, 0, 0, 0, 0)": [-204.41243059989222, -204.35429587133726, -206.2280272832171, -278.1779185988123], "(-1, -1, -1, 0, 0, 0, 0, 0, 0)": [-127.44995702023532, -115.27527312813389, -115.1750214580834, -113.46415741416638], "(0, 0, 1, 0, 5, 0, 0, 0, 0)": [-113.32860011519237, -114.60687348997493, -137.08327172515135, -113.92080786470929], "(0, 0, -1, 0, 0, -1, 0, 0, -1)": [-184.66090362245208, -65.97365647574209, -182.53391596544526, -130.1899124692844], "(0, 1, -1, 0, 5, -1, 0, 0, -1)": [-438.73822809100005, -219.65456359683907, -110.85600787287918, -110.12565399542501], "(1, 0, -1, 0, 1, -1, 0, 0, -1)": [0, 0, 0, 0], "(0, 0, 0, 1, 5, 0, 0, 0, 1)": [-2.37, -1.2052, -1.2000000000000002, -1.2052], "(0, 0, 0, 0, 5, 0, 1, 0, 0)": [-193.68224857840914, -25.064704153399102, -23.540598294733233, -104.92151640493121], "(0, 0, 0, 0, 5, 0, 0, 1, 0)": [-116.04922495464325, -358.98268338841353, -107.359475833718, -112.22795966254051], "(1, 0, 1, 0, 5, 1, 0, 0, 0)": [-2.0900000000000003, -2.2403250000000003, -2.0900000000000003, -101.539], "(0, 0, 0, 1, 5, 1, 0, 0, 1)": [-1.2000000000000002, 0, 0, 0], "(0, 0, 0, 0, 5, 0, 0, 0, 1)": [-53.65104075468245, -53.25874824341301, -53.47597987755354, -53.62990508911933], "(0, 0, 0, 0, 5, 1, 0, 0, 0)": [-113.91658123315402, -157.58080595032374, -157.69128368998838, -179.711059460752], "(0, 0, -1, 0, 5, -1, 0, 0, -1)": [-56.09352991150407, -46.09025408311974, -58.70623047595734, -23.336472227620153], "(0, 0, -1, 0, 5, -1, 0, 1, -1)": [-320.6132095159944, -2210.7815723017648, -504.69046943245405, -1076.4508646583367], "(0, 0, 0, 0, 5, 1, 1, 0, 1)": [-33.96701390446903, -27.66177831252762, -35.28317681502405, -100.23784894], "(0, 0, 0, 0, 1, 0, 0, 1, 0)": [0, 0, 0, 0], "(0, 0, 0, 0, 0, 0, 0, 0, 0)": [-103.50210700000001, -11.78497840413661, -10.3452291895456, -11.3821887681326], "(-1, -1, -1, 0, 5, 1, 0, 0, 0)": [-129.25137080079875, -140.77774548188847, -153.06629879139055, -289.7737695032466], "(0, 1, 0, 0, 5, 0, 0, 0, 0)": [-91.6, -77.73626175511691, -96.19245736420577, -90.00522335736743], "(-1, -1, -1, 0, 1, 0, 0, 0, 0)": [0, 0, 0, 0], "(1, 0, 0, 0, 5, 0, 0, 0, 0)": [-84.9312324875717, -98.3526106691551, -100.0, -81.48165554895957], "(0, 1, 0, 0, 1, 0, 0, 0, 0)": [0, 0, 0, 0], "(0, 0, 0, 0, 5, 1, -1, -1, -1)": [-45.55156325814362, -45.25353333651466, -198.59155367839728, -421.5186168486385], "(0, 0, 0, 0, 5, 0, 1, 0, 1)": [-12.779734747170407, -12.602220316878293, -12.773830958934303, -12.616342210416246], "(0, 0, 0, 1, 5, 0, 0, 0, 0)": [-59.35121748631839, -50.10272567717366, -273.3907965849244, -43.20792486448593], "(1, 0, 1, 0, 5, 0, 0, 0, 0)": [-20.823255181903416, -19.60145720035812, -21.311602105876236, -20.720170747800978], "(-1, -1, -1, 1, 5, 1, 0, 0, 0)": [-31.647571333878403, -38.426971433442205, -100.135, -100.135], "(-1, -1, -1, 1, 0, 1, 0, 0, 0)": [-38.52845240507719, -39.04670220037509, -100.0, -100.0], "(-1, -1, -1, 0, 0, 1, 0, 0, 0)": [-131.0318313161359, -135.55612906370953, -302.96450449448605, -281.99456429696374], "(0, 0, 1, 0, 5, 0, 0, 0, 1)": [-25.868055151908855, -25.788280395772176, -26.418108916946913, -26.012882421154796], "(1, 1, 0, 0, 5, 1, 0, 0, 0)": [-551.5540780103371, -289.9789157252431, -138.54154257677777, -329.01485689000003], "(-1, -1, -1, 1, 1, 0, 0, 0, 1)": [0, 0, 0, 0], "(0, 0, 0, 0, 5, 0, -1, -1, -1)": [-3.4024794142520562, -2.5692239982498037, -2.8481843345029114, 258.98844923428214], "(0, 0, 0, 0, 0, 0, -1, -1, -1)": [-11.023325914555505, -66.45992565753096, -11.574892236909571, -11.87343691016886], "(0, 0, 0, 1, 5, 0, -1, -1, -1)": [-3.56510969, -3.21251029, -190.0, -3.2370000000000005], "(0, 0, 0, 1, 0, 0, -1, -1, -1)": [-0.9368000000000001, -1.709548, -100.13680000000001, -1.1400000000000001], "(0, 1, 0, 0, 5, 0, 1, 0, 0)": [-119.9098, -21.239800000000002, -0.9, -1.5837469], "(0, 0, 0, 0, 1, 0, 0, 0, 0)": [0, 0, 0, 0], "(0, 0, 0, 1, 0, 1, -1, -1, -1)": [-52.075698967360005, -43.81227473879102, -102.439, -190.11918914315282], "(0, 0, 0, 0, 0, 1, -1, -1, -1)": [-69.55572265078905, -66.94799412904497, -130.6546572770915, -426.6825789830556], "(0, 0, 0, 0, 1, 0, -1, -1, -1)": [0, 0, 0, 0], "(-1, 0, 0, -1, 0, 0, -1, 1, 0)": [-5.1585, -100.36585000000001, -3.7940000000000005, -6.961027994433986], "(0, 0, -1, 0, 1, -1, 0, 1, -1)": [0, 0, 0, 0], "(0, 1, 0, 0, 0, 0, 0, 0, 0)": [-100.0, -0.37200000000000005, -0.5, 0], "(0, 0, -1, 0, 1, -1, 0, 0, -1)": [0, 0, 0, 0], "(0, 1, 1, 0, 5, 0, 0, 0, 0)": [-581.1110493624919, -65.18338056007225, -70.97899555167629, -46.65848316734941], "(-1, -1, -1, 0, 1, 1, 0, 0, 0)": [0, 0, 0, 0], "(1, 1, 1, 0, 5, 0, 0, 0, 0)": [-569.1834685415711, -42.089741166278465, -42.55947094605011, -48.21104057524285], "(-1, -1, -1, 1, 1, 1, 0, 0, 0)": [0, 0, 0, 0], "(-1, 1, 0, -1, 5, 0, -1, 0, 0)": [-100.0, -7.288647013100001, -7.5685155231, -6.8541999068], "(-1, 0, 0, -1, 1, 0, -1, 0, 0)": [0, 0, 0, 0], "(-1, 0, 0, -1, 5, 0, -1, 1, 0)": [-20.566824107913877, -101.65735000000001, -20.03884570606965, -20.008214580021644], "(0, 0, 1, 1, 5, 0, 0, 0, 0)": [-5.39123179, -5.441341790000001, -101.17, -7.08758516], "(-1, 0, 0, -1, 5, 0, -1, -1, -1)": [-7.272990050421468, -10.007001483658449, -6.718900206336519, -93.66574413003211], "(-1, 0, 0, -1, 5, 1, -1, -1, -1)": [-21.41258808, -6.6507109593824, -7.223967425669745, -100.0], "(-1, 1, 0, -1, 5, 0, -1, 0, 1)": [-108.21700000000001, -9.317, -9.417, -11.198], "(1, 0, 0, 0, 5, 0, 0, 1, 0)": [-29.81249212774337, -100.2052, -44.202943452000014, -23.024621926753028], "(1, 0, 0, 0, 5, 1, 0, 0, 0)": [-4.35662743240839, -4.437565014411, -4.03627813110821, -100.0], "(0, 0, -1, 0, 0, -1, -1, -1, -1)": [0, 0, 0, 0], "(0, 0, 0, 0, 5, 1, 1, 0, 0)": [-5.7127685161850605, -7.033502660289752, -5.451962680940001, -101.30333320000001], "(-1, 0, 0, -1, 5, 0, -1, 0, 1)": [-92.209, -7.398458477210001, -8.774051860509733, -7.573413857151654], "(-1, 0, 0, -1, 0, 0, -1, -1, -1)": [-25.883531618783607, -24.887269591397622, -25.656377810021073, -25.6606679194183], "(-1, 1, 0, -1, 0, 0, -1, 0, 0)": [-1.3, -2.20691, -1.2000000000000002, -1.1], "(-1, 0, 0, -1, 0, 1, -1, -1, -1)": [-11.885637814513917, -10.810089135437378, -11.195924606469804, -92.43818319403536], "(0, 0, 0, 1, 5, 1, -1, -1, -1)": [-49.88968364368639, -43.143608206729674, -100.0, -190.46512213635864], "(-1, 0, 0, -1, 0, 0, -1, 0, 1)": [-1.3, -1.1, -1.2000000000000002, -1.1], "(-1, 1, 0, -1, 0, 0, -1, 0, 1)": [-100.0, -1.1, 0, 0], "(0, 0, -1, 0, 0, -1, 0, 1, -1)": [-277.4479458579825, -762.2060244798103, -370.4138468438566, -384.04295955310994], "(0, 0, 1, 0, 5, 0, 0, 1, 0)": [-20.771175025621, -100.09, -20.95031226313879, -21.929153356186358], "(0, 1, -1, 0, 0, -1, 0, 0, -1)": [-710.3424765950335, -232.99011799031086, -156.9571136778894, -145.9394016554904], "(0, 1, -1, 0, 5, -1, 0, 1, -1)": [-100.0, -44.880200000000016, -29.29510000000001, -18.416923447920606], "(1, 0, 0, 1, 5, 0, 0, 0, 0)": [-0.9, 0, 0, 0], "(0, 1, -1, 0, 0, -1, 0, 1, -1)": [-479.53621000000004, -479.53621000000004, -142.66088139491794, -142.4903676544826], "(0, 0, 1, 1, 5, 1, 1, 0, 0)": [-2.1436182950000005, -2.8709290155000007, -100.08550000000001, -100.08550000000001], "(0, 0, 1, 1, 5, 1, 0, 0, 0)": [-8.400070768777333, -11.077971306289198, -271.47723866566184, -100.08550000000001], "(0, 1, -1, 0, 1, -1, 0, 0, -1)": [0, 0, 0, 0], "(0, 0, 0, 0, 0, 0, 0, 1, 0)": [-1.1, 0, 0, 0],