{"(-1, -1, -1, -1, 0, 0, -1, 0, 0)": [-229.3737435905985, -229.2156216838538, -229.2099272727506, -229.21258901621704], "(-1, 0, 0, -1, 5, 0, -1, 0, 0)": [-181.5128672160141, -181.76301328611058, -181.82716510521234, -181.55358035245305], "(-1, -1, -1, -1, 5, 0, -1, 0, 0)": [-115.96678978623731, -115.79634858381814, -115.93958545073114, -114.91977056257201], "(-1, 0, 0, -1, 0, 0, -1, 0, 0)": [-140.19802476162593, -140.3968008188671, -140.05807628366404, -140.6729488139407], "(0, 0, 0, 0, 5, 0, 0, 0, 0)": [-135.91126486660994, -131.48820433847922, -135.95139790429823, -135.93794001940853], "(-1, -1, -1, 0, 5, 0, 0, 0, 0)": [-204.8511423284351, -203.76433169231518, -204.78077118317495, -202.83588320834443], "(-1, -1, -1, 0, 0, 0, 0, 0, 0)": [-135.93486573953814, -135.89838685622632, -136.1848310231695, -136.15320694845605], "(0, 0, 0, 0, 5, 0, 0, 0, 1)": [-47.87402551884949, -45.63663859795449, -47.91146502259708, -47.72396003970166], "(0, 0, 0, 0, 5, 1, 0, 1, 1)": [-62.23714706282007, -482.84982436910303, -61.6724566216769, -277.5313183372075], "(0, 0, 0, 0, 5, 0, 0, 1, 0)": [-55.50429151981674, -936.4652745249508, -54.543612221390966, -54.77796992211911], "(0, 0, 0, 0, 0, 0, 0, 0, 0)": [-110.5444252787181, -110.61118952655167, -110.48062317201865, -110.43394265265421], "(0, 0, 1, 0, 5, 0, 0, 0, 0)": [-122.1973743394868, -121.84235004030265, -122.15058675401275, -121.16331366483693], "(0, 0, 0, 0, 5, 1, 0, 0, 0)": [-132.0208404593529, -131.63852617893198, -131.93263327092106, -889.8088209694524], "(0, 1, 0, 0, 5, 0, 0, 0, 1)": [-930.2962123978657, -115.62576273489736, -115.595716504701, -116.062512974617], "(0, 1, 1, 0, 1, 0, 0, 0, 0)": [0, 0, 0, 0], "(0, 0, 0, 0, 5, 1, 0, 1, 0)": [-73.97404526674843, -417.9971579263018, -73.53703651842852, -537.4160492004343], "(0, 0, 1, 0, 1, 1, 1, 0, 0)": [0, 0, 0, 0], "(0, 0, 1, 0, 1, 0, 0, 0, 0)": [0, 0, 0, 0], "(0, 0, 0, 0, 1, 0, 1, 1, 1)": [0, 0, 0, 0], "(0, 0, 0, 0, 1, 0, 0, 0, 1)": [0, 0, 0, 0], "(0, 1, 0, 0, 5, 1, 0, 0, 0)": [-680.2383447425879, -96.81499236996743, -96.64792876022808, -599.8522515324012], "(0, 0, 1, 0, 5, 1, 0, 0, 0)": [-159.5316481385461, -159.4241231396548, -159.33187296530147, -962.7939207723771], "(-1, -1, -1, 0, 5, 1, 0, 0, 1)": [-158.45667902203868, -158.53537810788816, -158.60895207318245, -801.1826496522256], "(-1, -1, -1, 0, 0, 1, 0, 0, 1)": [-109.05573152850148, -109.0519757186367, -109.59126994670487, -542.3796021715413], "(1, 0, 0, 0, 5, 0, 0, 1, 0)": [-95.50944283446506, -787.5638573850396, -95.48756522818113, -95.4972769742831], "(1, 1, 0, 1, 5, 0, 0, 0, 0)": [-190.26865, -42.241559155355404, -191.8892122123426, -41.25294960632196], "(-1, -1, -1, 1, 1, 0, 1, 0, 0)": [0, 0, 0, 0], "(0, 0, 0, 0, 5, 0, 1, 0, 0)": [-91.50914885084795, -91.57497336470684, -91.74288778702166, -91.92682015790088], "(1, 0, 0, 0, 1, 0, 0, 0, 0)": [0, 0, 0, 0], "(0, 0, 0, 0, 5, 0, -1, -1, -1)": [-62.90414645339552, -62.77395858854549, -64.86663206480662, -61.55430612692171], "(0, 0, 0, 0, 0, 0, -1, -1, -1)": [-65.02163189160572, -63.45316495585055, -63.644875469363846, -63.52998344738572], "(-1, 0, 0, -1, 5, 0, -1, -1, -1)": [-85.41761343305207, -85.47110123382669, -85.9337559163478, -85.71238147957344], "(-1, 0, 0, -1, 0, 0, -1, -1, -1)": [-84.77068977620563, -84.44987938949791, -84.57900131927482, -84.76081362097783], "(0, 0, 0, 0, 5, 1, -1, -1, -1)": [-54.445542550185486, -55.85528625564737, -55.924320731042634, -1045.0109134640388], "(0, 1, 0, 0, 0, 0, 0, 0, 1)": [-994.056485618966, -88.9344398126709, -89.45057400301224, -88.94170812096597], "(0, 0, 0, 1, 5, 0, 1, 1, 0)": [-61.232851177977814, -193.9076277364203, -349.74688586619993, -61.37099873364334], "(1, 0, 0, 0, 5, 1, 0, 0, 0)": [-44.72918158274883, -44.543247567367914, -44.77369089583504, -419.4674558564717], "(0, 0, 0, 1, 5, 0, 0, 0, 1)": [-27.438686984095263, -27.501966404214635, -192.13891557087607, -27.501966404214635], "(0, 0, -1, 0, 5, -1, 0, 0, -1)": [-48.26751103242423, -43.072530332555544, -47.228450462790306, -45.98759844605631], "(1, 0, -1, 0, 5, -1, 0, 0, -1)": [-42.923972714265844, -42.864806315523296, -42.75520108111271, -42.78680589314068], "(0, 0, -1, 1, 5, -1, 0, 0, -1)": [-48.82198850018677, -48.53490882638903, -762.7326203753096, -48.53798091568825], "(0, 0, -1, 0, 5, -1, 1, 0, -1)": [4700.758636943285, 6554.990497429218, 4080.124763335668, 3851.9816689028185], "(0, 0, -1, 1, 0, -1, 0, 0, -1)": [-28.461908134795724, -28.041681913493566, -346.44491418629286, -28.030765686997174], "(0, 0, 0, 0, 1, 0, 0, 0, 0)": [0, 0, 0, 0], "(0, 0, 0, 0, 0, 1, -1, -1, -1)": [-59.191071669153466, -59.60134196749227, -59.53428861935686, -1050.5038190401758], "(0, 0, 0, 0, 1, 0, -1, -1, -1)": [0, 0, 0, 0], "(0, 0, 0, 1, 0, 0, -1, -1, -1)": [-51.21509723086308, -51.18869731571437, -584.6769300501335, -51.25751731743573], "(0, 1, 1, 1, 5, 0, 0, 0, 0)": [-531.6365603012813, -44.48026275142442, -418.39566346493046, -44.99781701281586], "(1, 1, 1, 0, 5, 0, 0, 0, 0)": [-576.9579403901841, -32.3851018125592, -32.18642062318156, -32.54029497287808], "(0, 1, 0, 1, 1, 1, 0, 0, 0)": [0, 0, 0, 0], "(1, 1, 0, 0, 0, 0, 0, 0, 0)": [-272.4564254357854, -22.221178349272897, -22.067002917943135, -22.184942898092547], "(1, 0, 0, 1, 1, 0, 0, 0, 0)": [0, 0, 0, 0], "(0, 0, -1, 0, 0, -1, 1, 0, -1)": [-0.4, 936.4368640604301, 0, 0], "(1, 0, 0, 0, 5, 0, 0, 0, 0)": [-38.23922448181806, -38.047450793953026, -38.833555259589005, -38.618696681887585], "(0, 0, 0, 1, 5, 0, 0, 0, 0)": [-27.230292563939148, -27.610686021493077, -190.7716175551065, -27.221793232699433], "(0, 0, -1, 1, 0, -1, -1, -1, -1)": [0, 0, 0, 0], "(0, 0, -1, 0, 0, -1, 0, 0, -1)": [-26.443607905458013, -26.504894602832433, -26.514209045388867, -26.324540204742984], "(0, 1, 0, 0, 0, 0, 0, 0, 0)": [-193.7631237437427, -59.02898099420098, -59.21744339914813, -59.32702060083388], "(-1, -1, -1, 0, 1, 1, 0, 1, 0)": [0, 0, 0, 0], "(0, 1, 0, 0, 5, 0, 0, 0, 0)": [-416.54436077450106, -50.071765698364025, -50.23926292430619, -50.02744781002622], "(0, 0, 0, 1, 5, 0, 0, 1, 0)": [-45.397933131560336, -190.63201438646922, -191.13034685400586, -45.925183086925415], "(-1, -1, -1, 0, 1, 0, 0, 0, 0)": [0, 0, 0, 0], "(1, 0, -1, 0, 0, -1, 0, 0, -1)": [-19.213908185222532, -18.986465988240006, -19.079794835443472, -18.96047263115052], "(-1, -1, -1, 1, 5, 0, 0, 0, 0)": [-9.36317609584, -8.777977589850002, -100.0, -8.777977589850002], "(-1, -1, -1, 1, 0, 0, 0, 0, 0)": [-3.184, -4.455150000000001, -100.0, -2.9850000000000003], "(-1, -1, -1, 1, 5, -1, 0, 0, -1)": [-2.5869999999999997, -2.388, -100.0, -2.5869999999999997], "(-1, -1, -1, 1, 0, -1, 0, 0, -1)": [-2.5869999999999997, -3.56412, -100.0, -2.5869999999999997], "(-1, -1, -1, 0, 5, 1, 0, 0, 0)": [-5.910598500000001, -5.410976000000001, -4.75216, -100.0], "(-1, -1, -1, 0, 0, 1, 0, 0, 0)": [-1.5, -1.4000000000000001, -3.04, -100.0]}