{"(-1, -1, -1, -1, 5, 1, -1, 0, 0)": [-0.1, 0, -0.1, 0], "(-1, -1, -1, -1, 0, 1, -1, 0, 0)": [-0.1, -0.1, 0, 0], "(-1, 0, 1, -1, 5, 0, -1, 0, 0)": [-0.1, 0, 0, 0], "(-1, -1, -1, -1, 0, 0, -1, 0, 0)": [-0.1, -0.199, -0.1, -0.1], "(-1, 0, 0, -1, 5, 0, -1, 0, 0)": [-0.1, -0.1, -0.1, -0.199], "(0, 0, 0, 0, 5, 0, 0, 0, 0)": [-5.671781660220943, -5.707391184369917, -5.732474172961758, -5.670767382644805], "(-1, -1, -1, 0, 0, 0, 0, 0, 0)": [-0.199, -0.199, -0.199, -0.1], "(0, 0, 0, 0, 5, 0, 1, 0, 0)": [-0.1, -0.1, -0.1, -0.1], "(0, 0, 0, 1, 5, 0, 0, 0, 0)": [-0.1, 0, 0, 0], "(-1, -1, -1, -1, 5, 0, -1, 0, 0)": [-0.1, -0.1, -0.1, 0], "(-1, 0, 0, -1, 5, 0, -1, 1, 0)": [-0.1, 0, 0, -0.1], "(-1, 0, 0, -1, 0, 0, -1, 0, 0)": [-0.1, 0, -0.1, 0], "(-1, -1, -1, 0, 5, 0, 0, 0, 0)": [-0.1, -0.1, -0.1, 0], "(1, 0, 0, 0, 5, 0, 0, 0, 0)": [0, 0, -0.1, 0], "(-1, 1, 0, -1, 5, 0, -1, 0, 0)": [0, 0, -0.1, 0], "(-1, 1, 0, -1, 0, 0, -1, 0, 0)": [-10.0, 0, 0, 0]}