{"(-1, -1, -1, -1, 5, 0, -1, 1, 0)": [1.7662937942879253, -189.18738503713865, -52.15708473811128, 7.526613141061319], "(-1, -1, -1, -1, 5, 0, -1, 0, 0)": [0, 0.1, 0, 0], "(-1, 0, 0, -1, 5, 0, -1, 0, 0)": [0.941423685952234, 5.832583208667186, 1.199743194419775, 0.593037066126077], "(-1, 0, 0, -1, 0, 0, -1, 0, 1)": [-0.1, 0.3940399, -0.1, 0], "(-1, 0, 0, -1, 0, 1, -1, 1, 0)": [0, 0, -100.0, 0], "(-1, -1, -1, -1, 0, 0, -1, 1, 0)": [-0.14589104491000002, -190.0, -0.24172486750792405, 1.0466174574128357], "(-1, -1, -1, 0, 5, 0, 1, 0, 0)": [0.39742924678508385, 7.6478337075958995, 1.5241356186615618, 1.5916503002417177], "(-1, -1, -1, 0, 0, 0, 1, 0, 0)": [0, 0.29701, 0, 0], "(0, 0, 0, 1, 5, 0, 1, 0, 0)": [2.1398708694965687, 8.26010171523736, -566.3054610915534, 4.234762635007523], "(1, 0, 0, 1, 5, 0, 0, 0, 0)": [7.604318432743745, 9.431880919159402, -973.0778773319815, 9.981293324036649], "(0, 0, 0, 0, 5, 0, 0, 0, 0)": [-10.64789623193557, -32.393337510445676, -9.266349889665271, -11.101143164437973], "(0, 0, 1, 0, 5, 0, 0, 0, 0)": [3.987067623951781, 8.686865206717119, 3.4531840054540925, 5.0292670405643385], "(0, 0, 0, 0, 0, 0, 0, 0, 0)": [-0.1, 1.0466174574128357, 0, 0.1267309], "(1, 0, 1, 0, 5, 0, 0, 0, 0)": [-0.17290000000000003, 0, 0, 0.199], "(0, 1, 1, 0, 5, 1, 0, 0, 0)": [0, 0.29701, 0, 0], "(0, 0, -1, 0, 5, -1, 0, 0, -1)": [172.14551490986958, 1005.352220769308, 0, 145.02284609682306], "(0, 0, -1, 0, 0, -1, 0, 0, -1)": [-0.1, 99.1, 0, -0.1], "(1, 0, -1, 0, 0, -1, 0, 0, -1)": [0, 0, -0.1, 0], "(0, 1, 0, 0, 0, 0, 0, 0, 0)": [-100.0, 0, -0.1, 0], "(0, 1, 1, 0, 5, 1, 0, 0, 1)": [0, 0.29701, 0, 0], "(0, 0, 1, 0, 5, 1, 0, 0, 0)": [-0.08209, 0.199, 0, 0], "(1, 0, 0, 0, 5, 0, 0, 0, 0)": [1.2446787748446115, 5.657686732081882, 1.0231257262793914, 0.233688006014612], "(0, 1, 0, 0, 5, 0, 0, 0, 0)": [-189.9732691, 1.485422289051244, 0.025947480822840374, 0], "(0, 0, 0, 0, 5, 1, 0, 0, 0)": [-0.1, 1.7383137616441333, -0.1, -99.94733213446091], "(1, 0, -1, 0, 5, -1, 0, 0, -1)": [0, 0.29701, 0, 0], "(0, 0, 1, 1, 5, 0, 0, 0, 0)": [-0.1, 0.1, -100.0, 0], "(-1, -1, -1, 0, 5, 1, 0, 0, 0)": [-0.0467474680408749, 1.485422289051244, 0, 0], "(0, 1, 0, 0, 5, 0, 0, 0, 1)": [-100.0, 0.1, 0, 0.3058309], "(1, 0, 0, 0, 5, 0, 1, 0, 0)": [0.06499318117806858, 4.360948095476123, 0.6927400548934611, 0.45856713931348514], "(0, 0, 0, 1, 5, 0, 0, 0, 0)": [0.4548538276237338, 4.744035124744377, -343.233991496842, 1.249936106364397], "(0, 0, 0, 0, 5, 0, 0, 1, 0)": [0.5952252860467006, -377.34468016077454, 0.3682423051111959, 4.360948095476123], "(-1, 0, 0, -1, 5, 0, -1, 0, 1)": [0.2882032658694975, 0.15266786553910003, 0.21922644399080274, 3.508973716315976], "(0, 0, 0, 0, 5, 0, 1, 0, 0)": [-0.019934569743010805, 4.246452500230713, 0.11990670148327057, 1.023480868767712], "(-1, 1, 0, -1, 5, 0, -1, 0, 0)": [-99.95589104491, 1.3125418723102174, -0.064536409, 0.13546359100000002], "(0, 0, 0, 1, 5, 0, -1, -1, -1)": [27.114511127308393, 12.849916472171817, -287.09730927136195, 47.93573310078606], "(-1, -1, -1, 0, 0, 1, 0, 0, 0)": [0, 0.29701, 0, 0], "(0, 0, 0, 0, 0, 0, -1, -1, -1)": [0, -89.93516958703113, 0.03037272982883403, 2.822694674017249], "(0, 0, 0, 0, 5, 0, -1, -1, -1)": [74.49329989241396, 73.67888366438598, -3.1497974576619185, 295.0054690091123], "(0, 0, 0, 0, 5, 1, -1, -1, -1)": [-7.84144651504543, -7.839571003305609, -7.830432294733576, -869.4717872094424], "(-1, 0, 0, -1, 5, 1, -1, -1, -1)": [-0.48136681000000003, -0.48930562, -0.49002733, -271.08231372451], "(-1, 0, 0, -1, 0, 1, -1, -1, -1)": [-1.8952858001728945, -1.820930624027692, -1.820930624027692, -469.0903592747661], "(0, 0, 0, 0, 0, 1, -1, -1, -1)": [-5.136942738499922, -5.105955911665932, -5.126733418248804, -652.9260112481747], "(0, 0, 0, 0, 5, 0, 0, 0, 1)": [0.7856413102186528, 8.763709658636383, 3.543687451597488, 4.675331341585702], "(0, 0, 0, 1, 0, 0, -1, -1, -1)": [-0.1, -100.0, -0.1, 0.6793465209301001], "(-1, 0, 0, -1, 5, 0, -1, -1, -1)": [-2.1217205007413606, -2.05239392303914, -1.976332942171165, -162.73805198297393], "(-1, 0, 0, -1, 0, 0, -1, -1, -1)": [-2.296694412070468, -2.414985485777757, -2.442621647290971, -90.04106796579549], "(1, 0, 1, 0, 5, 0, 0, 1, 0)": [0, -99.991, 0, 0.1], "(-1, 1, 0, -1, 5, 0, -1, 1, 0)": [-100.0, -100.0, -0.1, 0.1], "(-1, 1, 0, -1, 0, 0, -1, 1, 0)": [0, 0, 0, 0.1], "(-1, 0, 0, -1, 0, 0, -1, 0, 0)": [-0.17209000000000002, 0.199, -0.1, 0], "(-1, 1, 0, -1, 0, 0, -1, 0, 0)": [-100.0, 0, -0.1, 0], "(0, 0, 0, 0, 5, 0, 0, 1, 1)": [-0.1, -100.0, -0.1, 0.3940399], "(0, 0, 0, 0, 5, 0, 1, 1, 0)": [-0.1, 0, -0.1, 0]}