{"(-1, -1, -1, -1, 5, 0, -1, 0, 0)": [-0.1, -0.1, 0, -0.1], "(-1, -1, -1, -1, 0, 0, -1, 0, 0)": [0, 0, 0, -0.1], "(-1, -1, -1, 0, 5, 0, 0, 0, 1)": [0, 0, 0, -0.1], "(-1, -1, -1, 0, 5, 0, 0, 0, 0)": [-0.29701, -0.29701, -0.199, -0.199], "(-1, -1, -1, 0, 0, 0, 0, 0, 0)": [-0.1, -0.1, -0.1, -0.1], "(0, 0, 0, 0, 0, 0, 0, 0, 0)": [-0.199, -0.199, -0.199, -0.1], "(0, 0, 0, 0, 5, 0, 0, 0, 0)": [-1.1361512828387075, -1.0466174574128357, -1.1206123544590105, -1.0466174574128357], "(0, 0, 0, 0, 5, 0, 0, 1, 0)": [-0.1, 0, 0, 0], "(-1, 0, 0, -1, 5, 0, -1, 0, 0)": [-0.1, -0.1, -0.1, -0.1], "(-1, 0, 0, -1, 0, 0, -1, 0, 0)": [-0.1, 0, -0.1, 0], "(0, 0, 0, 0, 5, 0, 0, 0, 1)": [0, -0.1, 0, 0], "(0, 0, 0, 0, 5, 1, 1, 0, 1)": [0, -0.19, 0, 0], "(0, 0, 1, 1, 5, 1, 0, 0, 0)": [-0.1, -0.1, -10.0, 0], "(1, 0, 1, 0, 5, 0, 0, 0, 0)": [-0.1, 0, 0, -0.1], "(0, 1, 0, 0, 5, 0, 0, 0, 0)": [0, -0.1, 0, 0]}