{"(1, 0, 0, 0, 0, 0, 0, 0, 0)": [0.0001, 0, 0, 0], "(1, 0, 0, 0, 5, 0, 0, 0, 0)": [0, 0.0015782311861005853, 0.00023488703785809999, 0.000127524781], "(0, 0, 0, 0, 5, 0, 0, 0, 0)": [0.005694742164425993, 0.005915857953716778, 0.006133281385643189, 0.009048003096407827], "(0, 0, -1, 0, 5, -1, 0, 0, -1)": [0.006860424797635402, 0.0076572556981211095, 0.009622363956562494, 0.0063703293825363065], "(0, 0, -1, 0, 0, -1, 0, 0, -1)": [0.002756787370748353, 0.0005928275442656408, 0.0005450664678502456, 0.0009330821840106442], "(0, 0, 0, 0, 0, 0, 0, 0, 0)": [0.0029323600308417707, 0.004554236857393654, 0.0019021836247540465, 0.006883389185508572], "(0, 1, 0, 0, 5, 0, 0, 0, 0)": [0, 0, 0.000199, 0], "(0, 0, 1, 0, 5, 0, 0, 0, 0)": [0, 0.000109, 0, 0.0001], "(0, 0, 0, 1, 5, 0, 0, 0, 0)": [0, 0, -1.0, 0]}