{"(-1, -1, -1, -1, 5, 1, -1, 0, 0)": [0, 0, 0, 0.1], "(-1, -1, -1, -1, 5, 0, -1, 0, 0)": [0.42193085694979504, 3.827098590577118, 0.05964270247355877, 0.5379354103130358], "(-1, -1, -1, -1, 0, 0, -1, 0, 0)": [0, 0.8648275251635912, 0, 0], "(-1, 0, 0, -1, 5, 0, -1, 0, 0)": [1.1111848286852677, 6.664704824350745, 1.7105202755142823, -62.35093962577084], "(0, 0, 1, 0, 5, 0, 0, 0, 0)": [0.41051220591275944, 7.181393044595365, 1.6735942310577694, 1.9273058738993236], "(-1, -1, -1, 0, 5, 1, 0, 0, 0)": [-0.1, 0.29701, -0.17209000000000002, -100.0], "(-1, 0, 0, -1, 0, 0, -1, 0, 0)": [-0.1, 0.9561792499119552, -0.1, 0], "(0, 0, 0, 0, 5, 0, 0, 0, 0)": [-9.80560470425047, -7.435180931115468, -47.6835776710003, -38.26023932584793], "(0, 0, 0, 0, 0, 0, 0, 0, 0)": [-0.12049014783330278, 0.34004600040791955, -0.154536409, 1.3994164535871152], "(-1, 0, 0, -1, 5, 0, -1, 1, 0)": [-0.1373321344609, -343.58643333180214, -0.19497381301000002, 2.2995685419484477], "(-1, 0, 0, -1, 5, 1, -1, 0, 0)": [-0.1632691, 0.7725530557207991, -0.31963281301, 0], "(-1, 0, 0, -1, 0, 1, -1, 0, 0)": [-0.1, 0.199, -0.1, 0], "(-1, -1, -1, 0, 0, 1, 0, 0, 0)": [0, 0.1, 0, 0], "(0, 0, 0, 1, 5, 1, 0, 0, 0)": [-0.06405251917715962, 2.4528071279636734, -99.7861084429124, -154.94062469956248], "(0, 0, 0, 0, 5, 0, 0, 1, 0)": [-0.18603528727715962, -164.95779990749986, 0, 2.376572856528963], "(0, 0, 0, 0, 5, 0, 1, 0, 1)": [0.29227424008942865, 3.4434077942585617, 0.19792541728728757, 0.46723648890304864], "(0, 1, 1, 0, 5, 0, 0, 0, 0)": [-269.84405406015884, 5.613824981900891, 1.5768412374228482, 2.335466874790476], "(0, 0, -1, 0, 5, -1, 0, 0, -1)": [0, 284.87261833678906, 8.9, 42.02013689], "(0, 0, 0, 0, 5, 0, 0, 0, 1)": [-0.1, 1.1361512828387075, 0, 0], "(1, 1, 0, 0, 5, 0, 0, 0, 0)": [-189.7095079082266, 0, 0.025947480822840374, 2.0638571635634455], "(1, 0, 0, 0, 5, 0, 0, 0, 0)": [1.6643168384649432, 7.209579114149411, 3.00283676709442, 2.6057252144995897], "(-1, -1, -1, 1, 5, 0, 0, 0, 0)": [0, 0, -100.0, 0], "(-1, 0, 0, -1, 5, 0, -1, 0, 1)": [-0.0732691, 0.7725530557207991, 0, 0], "(0, 0, 0, 0, 0, 1, 0, 0, 0)": [0, 0.6793465209301001, -0.1632691, 0], "(-1, 0, 0, -1, 0, 0, -1, 1, 0)": [-0.1, 0, -0.1, 0.199], "(0, 0, 0, 0, 5, 0, 1, 0, 0)": [-99.96783784949913, 0.6302786337031878, 0.33228304616273674, 3.508973716315976], "(0, 1, 0, 0, 5, 0, 1, 0, 0)": [0, 0.19419557116715525, -0.1, 1.0466174574128357], "(-1, 0, 1, -1, 5, 0, -1, 1, 0)": [0, 0, 0, 1.2247897700103205], "(0, 1, 0, 0, 5, 0, 0, 0, 0)": [-270.63165147020527, 2.5282790566840365, -0.1121655227352768, 0.11791000000000001], "(0, 0, 0, 1, 5, 0, 1, 0, 1)": [-0.1, 0.29701, 0, 0], "(1, 0, 1, 0, 5, 0, 0, 0, 0)": [0.04135112595446586, 1.6548623854991245, -0.03047022498512808, 0], "(0, 0, 0, 1, 5, 0, 0, 0, 0)": [-0.011028414782405075, 0, -99.95589104491, 1.0466174574128357], "(1, 0, 0, 1, 5, 1, 1, 0, 0)": [-0.1, 0.1, 0, 0], "(0, 0, 0, 0, 5, 1, 0, 0, 0)": [-0.14589104491000002, 1.1361512828387075, -0.10394386750792403, -99.964536409], "(0, 0, 0, 0, 5, 0, -1, -1, -1)": [25.21796635221892, 25.71557734131101, 25.21796635221892, 549.6472921751679], "(0, 0, 0, 0, 0, 0, -1, -1, -1)": [-0.1, 0, 0, 100.0], "(0, 1, -1, 0, 5, -1, 0, 0, -1)": [-100.0, 0.199, 0, 0], "(0, 0, 0, 0, 5, 0, 0, 1, 1)": [0, 0.1, 0, 0], "(0, 0, -1, 0, 5, -1, 0, 1, -1)": [-0.1, -100.0, -0.1, -0.1], "(0, 0, 0, 0, 5, 0, 1, 1, 0)": [-0.1, 0, -0.1, 0], "(0, 0, -1, 0, 0, -1, 0, 0, -1)": [-0.1, 0.1, 0, 0], "(-1, -1, -1, 0, 5, 0, 0, 0, 0)": [-0.17209000000000002, 0.58519850599, 0, 0], "(-1, -1, -1, 0, 0, 0, 0, 0, 0)": [0, 0, 0, 0.199], "(-1, -1, -1, 0, 5, -1, 0, 0, -1)": [-0.1, 0, -0.1, 0], "(-1, -1, -1, 0, 0, -1, 0, 0, -1)": [0, 0.1, 0, 0], "(0, 0, -1, 0, 0, -1, 0, 1, -1)": [0, -100.0, 0, 0], "(1, 0, 0, 0, 5, 0, -1, -1, -1)": [-0.1, -0.1, 0, 0], "(1, 0, 0, 0, 0, 0, -1, -1, -1)": [-0.1, 0, 0, 0], "(1, 0, 0, 0, 5, 0, 1, 0, 0)": [0, 0, -0.1, 0], "(-1, 1, 0, -1, 0, 0, -1, 0, 0)": [0, 0, 0, 0.199], "(1, 0, 1, 0, 5, 0, -1, -1, -1)": [-0.1, 0, 0, 0], "(1, 0, 0, 1, 5, 1, 0, 0, 0)": [-0.1, 0, 0, 0]}