{"(-1, -1, -1, -1, 5, 0, -1, 1, 0)": [0, 0, 0, -0.1], "(-1, -1, -1, 0, 5, 0, 0, 0, 0)": [-0.3940399, -0.29701, -0.3940399, -0.29701], "(-1, -1, -1, 0, 0, 0, 0, 0, 0)": [-0.199, -0.2881, -0.199, -0.199], "(0, 0, 0, 0, 5, 0, 0, 0, 0)": [-9.996346103274604, -9.996419717710713, -9.996375482206453, -9.996372682200812], "(-1, 0, 0, -1, 0, 0, -1, 0, 0)": [-0.29701, -0.29701, -0.199, -0.199], "(-1, 0, 0, -1, 5, 0, -1, 0, 0)": [-0.1, -0.1, -0.1, -0.28], "(0, 0, 0, 0, 0, 0, 0, 0, 0)": [-3.3662241335241028, -3.439007577100477, -3.3316466357753103, -3.3594015727310866], "(0, 0, 0, 0, 5, 0, 1, 0, 0)": [0, -0.1, 0, 0], "(0, 0, 0, 1, 5, 0, 0, 0, 0)": [0, -0.1, -10.0, 0], "(1, 0, 0, 0, 5, 0, -1, -1, -1)": [-0.1, 0, 0, -0.1], "(0, 0, 0, 0, 5, 0, -1, -1, -1)": [0, 0, -0.1, 0]}