{"(-1, -1, -1, -1, 5, 0, -1, 0, 0)": [0, 0, 0, 0], "(-1, -1, -1, -1, 0, 0, -1, 0, 0)": [-0.1, 0.1, 0, 0], "(-1, 0, 0, -1, 5, 1, -1, 0, 0)": [-228.13159780036267, -568.4737419790174, -232.03239760050872, -840.0329244799975], "(-1, -1, -1, -1, 5, 1, -1, 0, 0)": [2.1905000250350555, 7.5019184459518655, 1.7341424900846727, -409.45534378544266], "(-1, -1, -1, -1, 0, 1, -1, 0, 0)": [-0.130951, 1.5829191800731972, -0.1193364294380766, 0], "(-1, 0, 1, -1, 5, 0, -1, 0, 0)": [2.6066982493391695, 7.76411171223594, 2.7859217448730393, 0.8227178641353299], "(0, 1, 0, 0, 5, 0, 0, 0, 1)": [-207.10000000000002, -8.670104899999998, -0.4709371699494107, -8.9], "(-1, -1, -1, 0, 1, 0, 0, 0, 0)": [0, 0, 0, 0], "(-1, 0, 0, -1, 5, 0, -1, 0, 0)": [5.890147694035009, 9.33816299162688, 6.616347474412239, 6.858951558851449], "(0, 0, 0, 0, 5, 1, 0, 0, 0)": [-1.7167287023461903, -2.7085311179000007, -2.401978690000001, -190.01710000000003], "(0, 0, 1, 0, 5, 0, 0, 0, 0)": [-0.220951, 1.0575191728626208, 0, 0.27030726032401], "(-1, 0, 0, -1, 5, 0, -1, 0, 1)": [0.8295286603119428, 1.135329551412214, 0.8420834021819056, -24.498480191162248], "(-1, 0, 1, -1, 0, 0, -1, -1, -1)": [-0.2165851, -166.29304194506062, -162.95556769545027, 1.1123673037616648], "(-1, 0, 0, -1, 5, 1, -1, 1, 0)": [-128.88943525082482, -502.0757494284106, -124.46752362012228, -518.8734981729559], "(-1, 0, 0, -1, 0, 1, -1, 0, 1)": [-0.14388821772737584, 0.8010475675347497, -0.03957863546629001, 0], "(-1, 0, 0, -1, 5, 1, -1, 0, 1)": [-0.1893058612580179, -0.6526147482466998, -0.1887963481498176, -580.5677833017912], "(-1, 0, 1, -1, 1, 0, -1, -1, -1)": [0, 0, 0, 0], "(-1, 0, 0, -1, 0, 0, -1, 0, 0)": [-0.09849647365719714, 2.0460593325879044, -0.04819388193765418, 0.22332114715884963], "(0, 1, 0, 1, 5, 0, -1, -1, -1)": [-236.341, -19.9937154045412, -236.341, -46.15100000000001], "(0, 0, 0, 0, 1, 0, 1, 0, 0)": [0, 0, 0, 0], "(0, 1, 0, 0, 5, 1, 0, 0, 0)": [-136.8559, 0, 0, 0], "(0, 0, 1, 0, 1, 0, 0, 0, 0)": [0, 0, 0, 0], "(-1, 0, 0, -1, 0, 1, -1, 1, 0)": [-39.48442860421001, -89.81900000000002, -37.73708464398606, -277.9485064777018], "(0, 0, 0, 0, 0, 0, 0, 1, 0)": [-260.7838847516778, -192.86986248930614, -207.69402063209301, -184.97451892205092], "(0, 0, 0, 0, 5, 0, 0, 0, 0)": [-81.06325638905263, -2.272613017568458, -6.974468636430037, -20.74639646851284], "(0, 1, 0, 0, 1, 0, 0, 0, 0)": [0, 0, 0, 0], "(-1, 0, 0, -1, 0, 1, -1, 0, 0)": [-18.949991224411807, -117.24574062802577, -21.599386675897723, -356.35592157040344], "(0, 1, 0, 0, 1, 0, 1, 0, 0)": [0, 0, 0, 0], "(-1, 0, 1, -1, 0, 0, -1, 0, 0)": [-0.1, 0.5973773543602391, 0, 0.10900000000000001], "(0, 1, 0, 0, 5, 0, -1, -1, -1)": [-374.238721, -87.9400637524307, -93.41081659000001, -69.9640583021], "(0, 0, 0, 0, 1, 0, 0, 0, 0)": [0, 0, 0, 0], "(-1, 0, 1, -1, 5, 1, -1, 0, 0)": [-99.44501099842509, -399.32585672219096, -95.41013509847559, -492.94140828296037], "(0, 1, 0, 1, 0, 0, -1, -1, -1)": [-230.72851000000003, -70.23337373113138, -222.49, -104.25181958900002], "(-1, 0, 0, -1, 0, 0, -1, 0, 1)": [-0.09856588158013771, 0.7291339306947628, -0.047001675440187685, -98.91466100000001], "(-1, 0, 1, -1, 5, 1, -1, 1, 0)": [-35.26484794106395, -193.35388690000002, -39.82317640798988, -190.81900000000002], "(1, 0, 0, 0, 5, 0, 0, 0, 0)": [-0.1, 0.1, 0, 0], "(0, 0, 0, 1, 5, 0, 0, 0, 0)": [-0.1, 0.19737100000000002, 0, 0], "(1, 0, 1, 0, 5, 0, 1, 0, 0)": [-0.1, 0, 0, 0], "(0, 0, -1, 0, 5, -1, 0, 0, -1)": [-0.174439, 0.8235082093074226, -0.29078461621, -0.1], "(0, 0, -1, 0, 5, -1, 0, 1, -1)": [-17.29, -100.0, -9.1, -8.124517781853967], "(0, 0, -1, 0, 1, -1, 1, 0, -1)": [0, 0, 0, 0], "(0, 1, 0, 0, 5, 0, 0, 0, 0)": [-109.0, 0.19, 0, 0.130951], "(-1, 0, 1, -1, 0, 1, -1, 0, 0)": [-48.86601155411486, -98.08954127418998, -51.00132348447273, -100.03095100000002], "(-1, 0, 1, -1, 0, 1, -1, 1, 0)": [-18.06436586572994, -166.91702619509002, -14.560799380100786, -100.0], "(0, 0, 0, 0, 5, 0, 1, 0, 0)": [-0.16547646284311984, 1.7847071724460117, -0.1, 0.367415672689432], "(0, 0, 0, 0, 1, 0, 0, 1, 0)": [0, 0, 0, 0], "(0, 0, 0, 0, 5, 0, 0, 0, 1)": [-0.1, 0.852013881712258, 0, 0.1], "(0, 0, -1, 0, 0, -1, 0, 0, -1)": [-0.1, 0, -0.1, 0], "(0, 0, 0, 0, 5, 1, 0, 1, 0)": [-37.04921703100001, -100.01710000000001, -70.22251235890002, -100.01710000000001], "(0, 0, 1, 0, 1, 0, -1, -1, -1)": [0, 0, 0, 0], "(1, 0, 0, 0, 5, 1, -1, -1, -1)": [-4.077127720614716, -11.827693605657334, -11.238557371290543, -346.7577309993697], "(0, 0, 0, 1, 5, 0, 0, 0, 1)": [0.15672324940000365, 0.8997033678574382, -100.00935767402456, -24.087725682264413], "(1, 0, 0, 0, 0, 1, -1, -1, -1)": [-0.635028293331281, -0.5818841933312809, -0.5818841933312809, -100.01710000000001], "(1, 0, 0, 1, 5, 0, 0, 0, 1)": [0.013360711101158163, 0.8922934038727742, -100.00900000000001, -64.36339267548387], "(0, 0, 0, 1, 5, 0, 1, 0, 0)": [-0.1, 0.7865916177925911, 0, 0.1274650759], "(0, 0, 0, 0, 1, 0, -1, -1, -1)": [0, 0, 0, 0], "(0, 1, 0, 0, 0, 0, -1, -1, -1)": [-336.893765689, -92.19415778014961, -188.3060323402221, -138.37350017609003], "(0, 0, 0, 0, 5, 0, 0, 1, 0)": [-0.1, -263.48239, -0.09181, -8.238032953554214], "(0, 0, 0, 1, 5, 0, -1, -1, -1)": [-0.5469102732790001, -0.5170181199408659, -100.00900000000001, -30.771885590000007], "(0, 0, -1, 0, 0, -1, 0, 1, -1)": [-0.5217031000000001, -100.0, -0.5217031000000001, -1.1885041], "(1, 0, 0, 0, 1, 0, 0, 0, 0)": [0, 0, 0, 0], "(0, 0, 0, 0, 5, 1, -1, -1, -1)": [-0.4380706900000001, -42.594092596900005, -0.4380706900000001, -190.0], "(1, 0, 0, 0, 0, 0, 0, 0, 0)": [-0.1, 0.1, 0, 0], "(0, 0, 0, 0, 0, 1, -1, -1, -1)": [-0.1, -0.1, -0.1, -100.02439000000001], "(0, 0, 0, 1, 0, 0, -1, -1, -1)": [-0.19981000000000002, -0.190639, -190.0, 0.40951000000000004], "(1, 0, 0, 0, 5, 1, 0, 1, 0)": [-0.1, -100.01710000000001, 0, 0], "(-1, -1, -1, 1, 5, 0, 0, 0, 1)": [-0.1, 0.10900000000000001, 0, 0], "(-1, -1, -1, 1, 0, 0, 0, 0, 1)": [-0.1, 0, 0, 0], "(0, 1, 0, 1, 5, 0, 0, 0, 0)": [0, 0, 0, 0], "(0, 0, 1, 0, 5, 0, 1, 0, 0)": [-0.1, 0, 0, 0], "(0, 0, 1, 0, 1, 0, 0, 0, 1)": [0, 0, 0, 0]}