{"(-1, -1, -1, -1, 0, 1, -1, 0, 0)": [0, -2.3000000000000003, 0, 0], "(-1, 0, 0, -1, 5, 1, -1, 0, 1)": [-2.4000000000000004, 0, 0, 0], "(-1, -1, -1, -1, 5, 0, -1, 0, 1)": [-192.95914439053018, -192.73560721605915, -192.92467838704164, -192.67881452303067], "(-1, -1, -1, -1, 0, 0, -1, 0, 1)": [-230.5800860218144, -230.45218173567847, -230.89496989232342, -230.4466537782352], "(-1, 0, 0, -1, 5, 1, -1, 0, 0)": [-419.5887637826237, -603.2455174140493, -229.91152851813814, -1144.6466929960477], "(-1, 0, 1, -1, 5, 0, -1, 0, 0)": [-143.39992727248784, -144.62497263116256, -144.07255757442624, -143.65507490507878], "(-1, 0, 0, -1, 0, 1, -1, 0, 0)": [-585.7705830933248, -826.8639716464094, -229.99999999999852, -1588.4955251232004], "(-1, -1, -1, 0, 5, 0, 0, 1, 0)": [-229.96843868698326, -1147.0865826786971, -621.1230793989703, -516.7125599981463], "(-1, -1, -1, 0, 0, 0, 0, 1, 0)": [-229.99999999999852, -1206.999999999772, -714.6940765440276, -731.5790080657957], "(0, 0, 0, 0, 1, 0, 0, 0, 0)": [0, 0, 0, 0], "(-1, 0, 0, -1, 5, 0, -1, 0, 0)": [-123.54116466621267, -123.41859797344011, -123.82283822818435, -123.92689915910411], "(-1, 0, 1, -1, 0, 0, -1, 0, 0)": [-65.08941286512042, -65.27340182412472, -65.24116937779375, -64.51954024108156], "(0, 1, 0, 0, 0, 0, 0, 0, 0)": [-394.0399, -155.83379197896076, -157.024398382977, -176.13893434207063], "(-1, -1, -1, 0, 5, 0, 1, 0, 0)": [-144.97999654287764, -145.15103951455262, -145.47568223486834, -144.83740030635124], "(-1, -1, -1, 0, 0, 0, 1, 0, 0)": [-65.94333684317648, -65.28443907843265, -65.85849103646594, -65.96510538058651], "(-1, -1, -1, 0, 5, 0, 0, 0, 0)": [-127.36601106314825, -127.53002292495543, -127.33812071418876, -127.28576513551613], "(-1, -1, -1, 0, 0, 0, 0, 0, 0)": [-57.687820848335704, -57.75697112642446, -56.34786992977298, -56.82986230592903], "(0, 0, 0, 0, 5, 0, 0, 0, 0)": [-145.08908617091078, -140.65284926393923, -144.2701402401201, -143.40431951238227], "(1, 0, 0, 0, 5, 0, 0, 0, 0)": [-33.86161715513726, -34.35794484376562, -35.079221939969834, -33.89635655169717], "(0, 0, 0, 1, 5, 0, 0, 0, 0)": [-169.69976640274186, -157.0351766447282, -367.1441384832867, -148.7911096894168], "(0, 0, 0, 0, 0, 0, 0, 0, 0)": [-117.5789895944078, -117.15261480249379, -117.51194008512562, -117.67433109620555], "(0, 0, 0, 0, 5, 0, 0, 0, 1)": [-57.17176497807107, -56.85870993261124, -57.15317463694502, -57.02936624251638], "(0, 0, 0, 0, 0, 1, 1, 0, 0)": [-24.936555458306895, -25.681665450000008, -21.13078114221344, -100.04500000000002], "(0, 0, -1, 0, 5, -1, 0, 1, -1)": [-85.84398510734994, -548.6664603090167, -76.92459258664267, -49.156044627324036], "(0, 0, -1, 0, 5, -1, 0, 0, -1)": [-16.081143371792642, -15.990220162177682, -16.02214928854421, -15.9588818798713], "(0, 1, -1, 0, 5, -1, 0, 0, -1)": [-864.827525163591, -66.60609600954956, -73.63899408551984, -61.529242195521086], "(0, 0, -1, 0, 1, -1, 0, 0, -1)": [0, 0, 0, 0], "(0, 0, 0, 0, 5, 0, 1, 1, 1)": [-1374.9825037741948, -1945.2912465237398, -54.24687052539271, -53.81578949293879], "(0, 0, 0, 0, 5, 0, 0, 1, 1)": [-141.24453866110815, -498.9083204662734, -58.50996045457094, -55.89589940562551], "(0, 0, 0, 0, 1, 1, -1, -1, -1)": [0, 0, 0, 0], "(-1, 0, 0, -1, 0, 0, -1, 0, 0)": [-53.027800840218696, -53.76713940650434, -52.95320720119437, -53.11722647588366], "(0, 0, 0, 0, 5, 0, 1, 0, 0)": [-77.9628094691429, -77.8749769723536, -77.61880235027353, -77.62054694672456], "(0, 0, 0, 0, 5, 0, -1, -1, -1)": [-83.9456235511295, -82.99211691971621, -83.61809616898667, -82.13676085031203], "(0, 0, 0, 0, 0, 0, -1, -1, -1)": [-49.246714524392914, -49.02401209183063, -49.19171675537364, -49.27388632438438], "(0, 0, 0, 0, 5, 1, -1, -1, -1)": [-220.20625541714236, -69.48668850235167, -460.7873996150974, -792.9051991297924], "(0, 0, 0, 0, 0, 1, -1, -1, -1)": [-1027.6146091550763, -69.99999999999929, -1784.1683051718126, -1944.9785044525647], "(0, 0, 0, 1, 5, 0, 1, 0, 0)": [-67.66773034157, -58.47451176112362, -351.9971026337413, -59.33733259363956], "(0, 0, 0, 1, 1, 1, -1, -1, -1)": [0, 0, 0, 0], "(-1, 0, 0, -1, 5, 0, -1, 1, 0)": [-115.76678331460285, -354.8049623076631, -75.91737942581166, -117.00345611167945], "(0, 0, 0, 0, 5, 0, 1, 1, 0)": [-1178.2182430842618, -1847.1338278340613, -147.7926184134383, -157.54010598928264], "(0, 0, 0, 1, 1, 0, -1, -1, -1)": [0, 0, 0, 0], "(1, 0, 0, 1, 5, 0, 0, 0, 0)": [-24.053660707579237, -29.712758487656004, -345.7413762460438, -23.960769344735173], "(-1, 0, 0, -1, 1, 0, -1, 1, 0)": [0, 0, 0, 0], "(0, 0, 1, 1, 5, 0, -1, -1, -1)": [-0.4, -0.336, 0, 270.90244], "(-1, 0, 0, -1, 5, 0, -1, -1, -1)": [-1.4000000000000001, -1.4260000000000002, 0, 0], "(-1, 0, 0, -1, 0, 0, -1, -1, -1)": [-1.4000000000000001, 0, 0, 0], "(0, 0, 0, 0, 5, 1, 0, 0, 0)": [-181.48829997741876, -187.63103499320454, -193.24011550485244, -285.3426105853674], "(0, 0, 1, 0, 5, 0, 0, 0, 0)": [-50.715225393817576, -50.49038412213287, -50.160069396627584, -50.37562709162216], "(-1, 0, 0, -1, 0, 0, -1, 1, 0)": [-94.1467361469245, -557.6316417536104, -90.02933461814416, -125.93747341004783], "(0, 0, 0, 0, 0, 1, 0, 0, 0)": [-244.21156410056145, -236.0350226722874, -252.51497082810968, -370.2578781434194], "(0, 0, 1, 0, 5, 0, 0, 0, 1)": [-46.70739364157109, -46.75178144331031, -46.85242687404963, -47.153929367970456], "(0, 0, 1, 0, 5, 1, 0, 0, 0)": [-151.80150591102395, -167.90966880098898, -161.04225971942034, -514.673549583202], "(-1, -1, -1, 0, 5, 1, 0, 0, 1)": [-78.82809349682695, -78.82009962204188, -78.25811906077243, -284.1601072874317], "(-1, -1, -1, 0, 0, 1, 0, 0, 1)": [-57.692615863818496, -58.170155731349205, -67.20059531614474, -351.3637114846287], "(0, 0, -1, 0, 0, -1, 0, 1, -1)": [-174.03047776045946, -1166.1560841319938, -295.8190199991856, -63.15679229735789], "(0, 1, -1, 0, 0, -1, 0, 0, -1)": [-2965.523050004306, -509.82490450587454, -244.38351725177537, -75.27860200320025], "(0, 0, -1, 0, 0, -1, 0, 0, -1)": [-6.437479535146714, -6.249567049292012, -5.902375611634105, -6.08763038063498], "(0, 1, -1, 0, 1, -1, 0, 0, -1)": [0, 0, 0, 0], "(0, 1, -1, 0, 5, -1, 0, 1, -1)": [-100.0, -295.39000000000004, -66.05140782000001, -51.44617449047503], "(0, 1, -1, 0, 0, -1, -1, -1, -1)": [0, 0, 0, 0], "(-1, 1, 0, -1, 5, 0, -1, 0, 0)": [-100.0, -10.4, -10.5, 0], "(-1, 1, 0, -1, 1, 0, -1, 0, 0)": [0, 0, 0, 0], "(-1, -1, -1, 0, 1, -1, 0, 1, -1)": [0, 0, 0, 0], "(0, 1, -1, 0, 0, -1, 0, 1, -1)": [-679.3465209300999, -1308.762415948975, -466.3110577717742, -108.81732491261734], "(0, 0, 1, 1, 0, 0, -1, -1, -1)": [-0.4, 0, 0, 0], "(-1, 1, 0, -1, 0, 0, -1, 0, 0)": [-100.0, 0, 0, 0]}