{"(-1, -1, -1, -1, 0, 0, -1, 1, 0)": [0, 0, 0, -2.1], "(-1, -1, -1, 0, 5, 0, 0, 1, 0)": [-2.1, 0, 0, 0], "(-1, -1, -1, 0, 0, 0, 0, 0, 1)": [-2.1, 0, 0, 0], "(-1, -1, -1, 0, 0, 0, 0, 0, 0)": [-120.95041848043996, -120.48473484678054, -121.46076825516408, -120.67442586545656], "(-1, -1, -1, -1, 5, 0, -1, 0, 0)": [-99.63675600041198, -99.72940143088807, -99.8768956702759, -98.45484013430932], "(-1, -1, -1, -1, 0, 0, -1, 0, 0)": [-200.91890815561666, -200.9479289738168, -200.9143202338422, -200.90509839994104], "(-1, 0, 0, -1, 5, 0, -1, 0, 0)": [-143.29538695521347, -143.34541649356387, -142.8655762026843, -142.89529077672788], "(-1, 0, 0, -1, 5, 0, -1, 1, 0)": [-235.90691859647586, -509.90813495338716, -224.7117222545217, -245.6305138026494], "(-1, 0, 0, -1, 0, 0, -1, 0, 0)": [-66.80626030548025, -65.88282164027433, -65.69903115080554, -65.6862029550375], "(-1, -1, -1, 0, 5, 0, 0, 0, 0)": [-177.69370049593442, -177.6758434054474, -177.5185875119332, -177.10366950111336], "(0, 0, 0, 0, 5, 0, 0, 0, 0)": [-148.6973712582089, -147.90758281429248, -148.5100133189906, -145.3000338058846], "(0, 0, 0, 0, 0, 0, 1, 0, 0)": [-91.27861146924407, -92.00247900310785, -93.30775606071961, -92.33712507396923], "(0, 0, 0, 0, 5, 0, 0, 1, 1)": [-509.1413771704069, -972.1593541746344, -378.8338996378475, -252.83579649899846], "(0, 0, 0, 0, 1, 1, 0, 0, 0)": [0, 0, 0, 0], "(0, 0, 0, 0, 5, 0, 0, 0, 1)": [-85.00481226828738, -83.43811989689108, -84.79317544256439, -85.32390242990691], "(0, 0, 1, 0, 5, 0, 0, 0, 0)": [-103.57143396297757, -103.43827435987075, -103.69780309983881, -103.46453737292545], "(-1, -1, -1, 0, 5, 1, 0, 0, 0)": [-74.08488041199645, -76.36839899987808, -76.79577648927983, -281.50243088912174], "(-1, -1, -1, 0, 0, 1, 0, 0, 0)": [-54.88881631014295, -59.26709680432508, -63.317273791684045, -276.95863163397667], "(0, 0, 0, 0, 0, 0, 0, 0, 0)": [-46.8181678989224, -45.6190616723982, -46.667890842205054, -45.67338993753775], "(0, 0, 0, 0, 5, 0, 1, 0, 0)": [-52.440994477925955, -53.23268975003362, -52.73452644025585, -52.9114739265357], "(0, 0, -1, 0, 5, -1, 0, 0, -1)": [-53.820097812617014, -52.26179902645288, -55.3194653814211, -53.49937225047923], "(0, 1, -1, 0, 5, -1, 0, 0, -1)": [-890.40928578434, -73.25339321710055, -87.35695655364441, -73.39853527306877], "(0, 0, -1, 0, 1, -1, 0, 0, -1)": [0, 0, 0, 0], "(-1, 0, 0, -1, 1, 0, -1, 0, 0)": [0, 0, 0, 0], "(0, 0, 0, 0, 5, 0, 1, 1, 0)": [-402.9564149177297, -1180.5819665074162, -256.64911815550835, -278.7296456008398], "(0, 0, 0, 0, 5, 1, 1, 0, 0)": [-72.31115598823506, -75.93035227008639, -64.25301114300429, -195.67246067861927], "(0, 0, 0, 1, 5, 0, 0, 0, 0)": [-152.10528103857138, -150.76357916426772, -497.5858645482658, -169.65142627012074], "(-1, 0, 0, -1, 0, 0, -1, 1, 0)": [-751.028494701951, -1283.1055701618448, -659.8921749801801, -965.0382879771588], "(0, 0, 0, 0, 5, 0, 0, 1, 0)": [-693.7752063760863, -941.0832452798088, -718.9869294972667, -689.5470185278543], "(0, 0, 0, 0, 1, 0, 0, 0, 0)": [0, 0, 0, 0], "(0, 0, 0, 0, 5, 1, 0, 0, 0)": [-153.4266005719726, -249.50492690796565, -248.61157452168186, -196.54385287601036], "(0, 0, 0, 1, 1, 0, 0, 0, 0)": [0, 0, 0, 0], "(0, 0, 1, 1, 5, 0, 0, 0, 0)": [-14.584312051254864, -13.86760361066619, -190.6785866482531, -21.67235735499913], "(1, 0, 0, 0, 5, 0, 0, 0, 0)": [-50.89417169398109, -49.76650463128937, -50.09440007184793, -49.86285014340128], "(0, 1, 0, 0, 5, 0, 0, 0, 0)": [-1011.3371024458988, -531.9447555363204, -553.5495836075318, -535.9336030367891], "(-1, 1, 0, -1, 5, 0, -1, 0, 0)": [-216.0829, -51.96837996681374, -53.457526641511095, -70.26989150781779], "(0, 0, 0, 0, 5, 0, -1, -1, -1)": [31.90248620719305, 149.02205764747777, 109.73421186466786, 942.8235261256048], "(0, 0, 0, 0, 0, 0, -1, -1, -1)": [-0.60743, -0.44389279360000006, -0.43024000000000007, 255.74891409558592], "(0, 0, 0, 1, 5, 0, 0, 0, 1)": [-27.33688829139103, -18.807008766627586, -190.6636886094268, -21.06036600722402], "(0, 0, -1, 0, 0, -1, 0, 0, -1)": [-29.482514701902602, -29.15797987823936, -29.108509718738045, -29.32693660977904], "(1, 0, 0, 1, 0, 0, 0, 0, 0)": [-43.46861361384539, -65.36517180867246, -539.0122448847177, -46.31192626224774], "(0, 0, 0, 1, 5, 0, 1, 0, 0)": [-48.70324503722781, -42.26305349697805, -630.7262400397354, -42.58251045162097], "(0, 0, -1, 0, 5, -1, 1, 0, -1)": [-17.835411974150926, -17.83386599874469, -18.010779544237234, -17.963376491802777], "(1, 1, 0, 0, 1, 0, 0, 0, 0)": [0, 0, 0, 0], "(0, 0, 0, 1, 1, 0, 0, 1, 0)": [0, 0, 0, 0], "(1, 0, 0, 0, 5, 1, 0, 0, 0)": [-201.05440233267547, -293.46689736911924, -322.9565378511753, -866.8731501161694], "(0, 0, 0, 0, 0, 0, 0, 0, 1)": [0, 0, 0, 0], "(0, 1, 1, 0, 5, 0, 0, 0, 0)": [-199.81, -7.8727059901988525, -9.730571628668, -11.010000000000002], "(1, 0, 1, 0, 5, 0, 0, 0, 0)": [-1.9985254246178317, -1.7568559345427126, -1.8946664629499432, -1.6990227077009368], "(0, 0, 0, 1, 5, 1, 0, 0, 0)": [-106.35863859200128, -103.85045585147914, -355.23808369943555, -190.08550000000002], "(0, 0, 0, 0, 5, 0, 1, 0, 1)": [-10.127156997851458, -10.139293011885451, -10.248091674905528, -10.551951521432143], "(0, 1, 1, 0, 5, 1, 0, 0, 0)": [-124.39000000000001, -1.8970000000000002, -25.290000000000003, -124.39000000000001], "(0, 0, 0, 0, 1, 1, 0, 0, 1)": [0, 0, 0, 0], "(-1, -1, -1, 0, 1, 0, 0, 0, 0)": [0, 0, 0, 0], "(0, 1, -1, 0, 0, -1, 0, 0, -1)": [-479.95628329276144, -60.82207085195973, -85.0017213375375, -71.42075005990378], "(-1, 1, 0, -1, 0, 0, -1, 0, 0)": [-100.0, -25.672983372800005, -24.7559442228, -21.02098772824244], "(0, 0, -1, 1, 5, -1, 0, 0, -1)": [-53.958433083852995, -9.088337375793087, -481.49512712765375, -9.15533972321494], "(0, 0, -1, 0, 0, -1, -1, -1, -1)": [0, 0, 0, 0], "(-1, 0, 0, -1, 5, 0, -1, -1, -1)": [-6.871548002348389, -8.632133683738516, -7.123133765387356, -7.833075980961214], "(0, 0, 0, 0, 0, 1, 0, 0, 0)": [-23.19744346604713, -22.51394569341472, -25.753402833080855, -191.33697840551264], "(0, 0, 1, 0, 5, 0, -1, -1, -1)": [-9.233745902482882, -9.0411555127279, -9.725224164331532, -9.875338937711998], "(0, 0, 1, 0, 0, 0, -1, -1, -1)": [-3.794461316175494, -3.596361316175494, -2.45084051, -2.9112650664489], "(1, 0, 0, 0, 5, 0, -1, -1, -1)": [-2.5020000000000002, -1.984998358709, -2.0148124689, -2.06773], "(1, 0, -1, 0, 5, -1, 0, 0, -1)": [269.46362997436563, 1198.7538439320797, 313.98194836067944, 487.5817372251794], "(1, 1, 0, 0, 5, 0, 0, 0, 0)": [-109.0, -1.199, -1.399, 0], "(0, 0, -1, 0, 0, -1, 1, 0, -1)": [-7.585980546914821, -7.342165633942978, -7.522750543635598, -7.3767346222475965], "(-1, -1, -1, 1, 5, 0, 0, 0, 1)": [-81.50843339012539, -61.82457091472447, -771.0729974701602, -101.45513308121794], "(-1, -1, -1, 1, 0, 0, 0, 0, 1)": [-37.10712357207057, -36.90184281929758, -351.5619322259625, -41.89502194411633], "(-1, -1, -1, 0, 5, -1, 0, 1, -1)": [-22.610372173650582, -191.0880019, -21.104246705532688, -21.669387690008506], "(-1, -1, -1, 0, 0, -1, 0, 1, -1)": [-141.18224410861492, -827.4228924620733, -179.58222027797032, -140.89031288076606], "(0, 0, -1, 1, 0, -1, 0, 0, -1)": [-28.717741883496096, -1.2624490477597745, -190.0, -1.3805112310796166], "(-1, 0, 0, -1, 0, 0, -1, -1, -1)": [-7.2579949677831, -6.78677349583399, -6.901717353470064, -6.583166750755516], "(1, 0, 0, 0, 0, 0, -1, -1, -1)": [-0.9, -0.8720000000000001, -0.9, -1.33], "(0, 1, 0, 0, 5, 0, -1, -1, -1)": [-109.0, -17.230434210000002, -10.47076328592605, -11.7512], "(0, 1, 0, 0, 0, 0, -1, -1, -1)": [-100.0, -0.9, -1.0, -0.8], "(1, 0, -1, 0, 0, -1, 0, 0, -1)": [-0.2, 343.7823862, 0, 0]}