{"(-1, -1, -1, -1, 5, 0, -1, 1, 0)": [-20.69385250001073, -481.5411562178434, -18.12236935757826, -21.273487221345164], "(-1, -1, -1, 0, 5, 1, 1, 0, 1)": [-6.752803933618193, -6.545414619145339, -14.111100612935404, -191.12710822841723], "(-1, -1, -1, 0, 0, 1, 1, 0, 1)": [-0.20168419291561718, 0.8300872287515136, -0.19981000000000002, -100.01578098587956], "(-1, -1, -1, 0, 0, 0, 1, 0, 1)": [-0.06268159172271211, 1.3250435225103707, -0.21493400207868762, 0.1561249], "(0, 0, 0, 0, 5, 0, 0, 0, 0)": [-77.13768778818125, -84.84483707266013, -172.64189984102737, -127.93292806711027], "(-1, -1, -1, 0, 5, 0, 0, 0, 0)": [-69.05103855986101, -32.963013468163595, -61.87509596543877, -179.67441630708882], "(-1, -1, -1, 0, 0, 0, 0, 0, 0)": [-257.35901461837057, -203.91093788286628, -88.03254816540934, -120.37690727439858], "(-1, -1, -1, 0, 0, 1, 0, 0, 0)": [-0.3947916346007313, 1.07744246807562, -0.34699903142054656, -89.93235149], "(-1, -1, -1, -1, 5, 0, -1, 0, 0)": [-8.662514886527084, -128.4678677694212, -10.007640926010026, -35.55276282659045], "(-1, -1, -1, -1, 0, 0, -1, 0, 0)": [-30.138635674698573, -299.46927503713886, -42.41408764734145, -131.20962334119156], "(-1, -1, -1, -1, 0, 0, -1, 1, 0)": [-148.3636980913573, -1038.2762672312404, -116.05184057161128, -226.92192078436116], "(0, 0, 1, 0, 5, 0, 1, 0, 0)": [-6.562130054788032, -7.847723939448457, -102.2050714643304, -26.935995640070637], "(0, 0, 0, 0, 0, 0, 0, 0, 0)": [-105.17427695669245, -7.798540122296592, -15.89745539573724, -15.954184610000002], "(-1, -1, -1, 0, 5, 1, 0, 0, 0)": [-9.578246878374712, -21.084680504299016, -26.859370182404195, -154.53053881744302], "(0, 0, 1, 1, 5, 1, 1, 0, 0)": [-21.450655979570914, -24.15776144036753, -100.01292931, -272.13662513811994], "(-1, -1, -1, 0, 5, 0, 1, 0, 1)": [-1.8574617279339385, -4.471149603124695, -1.858894740883774, -80.73633317414405], "(0, 0, 0, 0, 5, 0, 0, 1, 0)": [-261.0399115598364, -359.0608777492768, -362.0139940052317, -274.07815038458983], "(0, 0, 0, 1, 5, 1, 0, 0, 0)": [-147.20966160024773, -163.21755937468524, -283.2090851122297, -337.1649518798779], "(1, 0, 1, 1, 5, 0, 0, 1, 0)": [-30.718540502323787, -100.0, -90.1, -40.857898166990005], "(-1, 0, 0, -1, 0, 0, -1, 1, 0)": [-4.965532826025049, -100.00900000000001, -13.46683621379509, -10.050057007909876], "(-1, 0, 0, -1, 1, 0, -1, 0, 1)": [0, 0, 0, 0], "(-1, 0, 0, -1, 0, 0, -1, 0, 0)": [-70.7979526818123, -311.16695161407495, -143.9446184492616, -60.73390100283384], "(-1, 0, 0, -1, 1, 0, -1, 0, 0)": [0, 0, 0, 0], "(1, 0, 1, 0, 5, 0, 0, 1, 0)": [-118.1121483797704, -438.96633058311664, -116.61962575625527, -116.99826937599768], "(-1, -1, -1, 0, 1, 0, 0, 0, 0)": [0, 0, 0, 0], "(0, 0, 0, 1, 5, 0, 0, 1, 0)": [-23.13128612383447, -100.0, -110.27645677243858, -9.628659256312602], "(0, 0, 0, 0, 5, 0, 1, 0, 0)": [-81.21525482705543, -5.9784647387027645, -84.12279329630137, -8.6178045680844], "(0, 1, 0, 0, 1, 0, 0, 0, 0)": [0, 0, 0, 0], "(-1, 0, 0, -1, 0, 0, -1, 0, 1)": [-0.1, 1.028892408235414, -0.09181, 0.1], "(0, 0, 0, 0, 1, 0, 0, 0, 0)": [0, 0, 0, 0], "(-1, -1, -1, 0, 0, 0, 0, 1, 0)": [-100.09, -271.0, -92.71010368963812, -83.54085894890002], "(0, 1, 0, 0, 0, 0, 0, 0, 0)": [-100.0, -0.39832879679, -0.7041244141, -0.63293638679], "(0, 0, 0, 0, 5, 0, 0, 0, 1)": [-0.25226025410706787, 0.9434810584705502, -0.44436478882778435, 0.369775725012386], "(0, 0, 0, 0, 5, 1, 0, 0, 1)": [-0.8885403395143345, -22.070832535320992, -1.4231664092085312, -100.0], "(0, 0, 1, 0, 5, 1, 0, 1, 1)": [-0.271, -100.00900000000001, -0.19, -99.92710000000001], "(0, 0, 0, 0, 5, 1, 0, 0, 0)": [-77.5025870678966, -79.38064192666947, -68.35625007908214, -412.4057951422265], "(0, 0, 1, 0, 5, 0, 0, 1, 1)": [-1.4690800000000002, -100.0, -0.1, -1.21049], "(0, 0, 0, 0, 1, 1, 0, 0, 0)": [0, 0, 0, 0], "(-1, 1, 0, -1, 5, 1, -1, 0, 0)": [-222.49, 0.19, 0, -117.10000000000001], "(1, 0, 0, 0, 1, 0, 0, 0, 0)": [0, 0, 0, 0], "(-1, 1, 0, -1, 0, 0, -1, 0, 1)": [-109.0081, -8.908100000000001, -0.1, 0.327818269], "(0, 1, 0, 0, 5, 0, 1, 0, 0)": [-206.28109, -2.9498618899422917, -31.98918631858058, -9.839735373072843], "(0, 1, 0, 0, 1, 0, 1, 1, 0)": [0, 0, 0, 0], "(-1, 0, 0, -1, 5, 1, -1, 0, 0)": [-100.00900000000001, -1.5987303147689005, -1.5705276099310004, -100.00900000000001], "(0, 0, 1, 0, 5, 0, 0, 0, 0)": [-0.1, 0, 0, 0.7848539036830633], "(0, 0, 1, 0, 5, 0, -1, -1, -1)": [-0.21439, -0.32151169, 51.897297869000006, 901.5229097816389], "(0, 0, 1, 0, 0, 0, -1, -1, -1)": [-0.1, -0.1265851, -0.271, 190.0], "(0, 0, 0, 0, 5, 0, -1, -1, -1)": [-0.20863900000000002, 0.5932555362356305, 0.15777696613430334, 5.2724944989397615], "(0, 0, -1, 0, 1, -1, 0, 0, -1)": [0, 0, 0, 0], "(-1, 1, 0, -1, 1, 0, -1, 0, 1)": [0, 0, 0, 0], "(1, 0, 0, 0, 5, 0, 0, 0, 0)": [0.27703879494088307, 1.0903488430933566, -107.90067075658649, 0.5465813781037974], "(-1, -1, -1, 1, 5, 0, 0, 0, 0)": [-0.029635415157111544, 2.2648889446139697, -100.08700590613263, 0.2193805577925251], "(0, 1, 1, 0, 5, 0, 0, 0, 0)": [-427.77721, -24.2, -1.9142182648360002, -2.148483170144674], "(0, 0, 0, 1, 5, 0, 0, 0, 0)": [0.4960357112525007, 4.030801882177848, -521.6916171284454, 0.77392174903305], "(1, 0, 0, 1, 5, 0, 0, 0, 0)": [-0.24296638203595483, 1.9300332513458667, -108.19686658069, 0.17833859668899998], "(-1, -1, -1, 0, 5, 0, 1, 0, 0)": [-0.09802612808268489, 2.4429677020716283, -0.1, 0.3739715307978272], "(-1, -1, -1, 1, 0, 0, 0, 0, 0)": [-0.1, 0.22416751000000001, -0.1, 0], "(0, 0, 1, 0, 1, 1, 0, 0, 0)": [0, 0, 0, 0], "(-1, 0, 1, -1, 5, 0, -1, 0, 0)": [-0.1567, 0.6959524002328, -0.1, 0.1], "(-1, 0, 0, -1, 5, 0, -1, 0, 0)": [-0.19, -89.76320000000001, -1.3619187690220003, -0.34713782000000015], "(0, 1, 0, 0, 5, 0, 0, 0, 0)": [-430.78069, -20.701157210000005, -0.20779153489000007, 0.4993127578481905], "(-1, -1, -1, 1, 5, 0, 1, 0, 0)": [-0.10900000000000001, 0, 0, 0.8745491405194308], "(-1, -1, -1, 1, 0, 0, 1, 0, 0)": [0, 0.29539000000000004, -100.01710000000001, 0], "(0, 1, 0, 0, 0, 0, 1, 1, 0)": [-117.10000000000001, 0, 0, 0.19], "(-1, 0, 0, -1, 5, 0, -1, 1, 0)": [0, 0, 0, 0.27190000000000003], "(-1, -1, -1, 0, 0, 0, 1, 0, 0)": [-0.1, 0.22249000000000002, 0, 0], "(0, 0, 0, 0, 0, 0, -1, -1, -1)": [-0.1, -0.1, -0.1, 0.4489645752100001], "(0, 1, -1, 0, 0, -1, -1, -1, -1)": [0, 0, 0, 0], "(0, 0, -1, 0, 5, -1, 1, 0, -1)": [-0.1, 1.1532843635661199, 0, -0.10900000000000001], "(-1, -1, -1, 0, 5, -1, 0, 0, -1)": [-0.1, 0.45245998493065914, -0.1, 0], "(-1, -1, -1, 0, 0, -1, 0, 0, -1)": [-0.1, 0, 0, 0], "(0, 0, -1, 1, 5, -1, 1, 0, -1)": [-0.1, 0.4101478111000001, 0, -0.130951], "(0, 0, -1, 1, 5, -1, 0, 0, -1)": [-0.11872527480110169, -7.848140688060095, -100.0, -0.10468286014421493], "(1, 0, -1, 0, 5, -1, 1, 0, -1)": [-0.1609134720211, 0.7234282093207838, -0.19907839, -0.13228797546149573], "(1, 0, -1, 1, 5, -1, 1, 0, -1)": [-0.18696394900000002, 0.45516479131, 0, -0.10900000000000001], "(0, 0, -1, 0, 0, -1, 1, 0, -1)": [-0.1, 0.1, 0, 0], "(-1, -1, -1, 0, 1, 0, 0, 1, 0)": [0, 0, 0, 0], "(-1, 0, 0, -1, 0, 1, -1, 0, 0)": [-100.0, 0.12439, 0, 0], "(-1, 0, 0, -1, 1, 0, -1, 1, 0)": [0, 0, 0, 0], "(-1, 0, 1, -1, 0, 0, -1, 0, 0)": [-0.1, 0, -0.1, 0], "(0, 0, 0, 1, 5, 0, 1, 0, 0)": [0, 0, 0, 0], "(1, 0, -1, 0, 5, -1, 0, 1, -1)": [-38.487677270135464, -100.0, -2.5995095994411423, -31.80089497214719], "(0, 0, 0, 1, 5, 0, -1, -1, -1)": [-0.1, -0.1, -100.0, 0.1], "(0, 0, 0, 1, 0, 0, -1, -1, -1)": [-0.1, 0, 0, 0.1], "(0, 0, 0, 0, 1, 0, 0, 1, 0)": [0, 0, 0, 0], "(1, 1, 0, 0, 5, 0, 0, 0, 1)": [-415.9456210000001, -38.571101000000006, -1.0909268372996663, 0.1218955307527761], "(0, 1, 0, 1, 1, 0, 0, 0, 0)": [0, 0, 0, 0], "(0, 0, -1, 1, 0, -1, 0, 0, -1)": [-0.1, 0.1, 0, 0], "(1, 0, -1, 1, 5, -1, 0, 0, -1)": [-0.29953459, -8.900810000000002, -100.00900000000001, -0.48289597327900013], "(0, 0, 0, 1, 1, 0, 0, 0, 0)": [0, 0, 0, 0], "(1, 0, -1, 0, 0, -1, 0, 1, -1)": [-0.19, -100.0, -0.1, -0.1], "(1, 0, -1, 1, 0, -1, 1, 0, -1)": [0, 0, -100.0, 0], "(-1, 1, 0, -1, 0, 1, -1, 0, 0)": [-100.0, 0.271, 0, 0],