{"(0, 1, 0, 0, 0, 0, 0, 0, 0)": [0, 0, 0, 0.0001], "(1, 0, -1, 0, 5, -1, 0, 0, -1)": [0, 0, 0, 0.0001], "(1, 0, -1, 0, 0, -1, 0, 0, -1)": [0, 0, 0.0001, 0], "(0, 1, 0, 0, 5, 0, 0, 0, 0)": [0, 0.0001, 0, 0], "(0, 0, 0, 0, 5, 0, -1, -1, -1)": [0.0001, 0, 0, 0], "(0, 0, 0, 1, 5, 0, 0, 0, 0)": [0, 0, 0, 0.0001], "(0, 0, -1, 1, 5, -1, 0, 0, -1)": [0.0001, 0, 0, 0], "(0, 0, -1, 0, 5, -1, 0, 1, -1)": [0, 0, 0, 0.0001], "(0, 0, -1, 0, 0, -1, 0, 1, -1)": [0.0001, 0, 0, 0], "(0, 0, -1, 0, 5, -1, 0, 0, -1)": [0.00011791, 0, 0, 0.000199], "(0, 0, -1, 0, 0, -1, 0, 0, -1)": [0.000199, 0, 0, 0], "(0, 1, -1, 0, 5, -1, 0, 0, -1)": [-0.9, 0, 0, 0]}