{"(-1, -1, -1, -1, 5, 0, -1, 0, 0)": [5.104010096773098, 9.418218280232923, 6.576521593472614, 6.991534033913515], "(-1, -1, -1, -1, 0, 0, -1, 0, 0)": [0.44640886385475026, 4.129632180625154, 0.47251806663740314, 0.6094300188817882], "(-1, 0, 0, -1, 5, 0, -1, 0, 0)": [7.999983765731112, 9.999979928072904, 7.999950824424104, 9.999996734879808], "(-1, 0, 0, -1, 0, 0, -1, 0, 0)": [1.7749726210407533, 2.892863545755396, 2.0693600315304645, 6.6224559910109795], "(0, 0, 0, 0, 5, 0, 0, 0, 0)": [-0.47739537176440905, 7.059587382346314, 0.45119945597645816, 2.2726872776812073], "(-1, -1, -1, 0, 5, 0, 0, 0, 1)": [-0.16609486058853334, -79.44867046703679, -0.10083060062698482, 1.4252524035381564], "(0, 0, 0, 0, 5, 1, 0, 0, 0)": [7.358130703550188, 9.742242783310196, 6.9712124930816195, -641.2946121960364], "(0, 1, 0, 0, 5, 0, 0, 0, 0)": [-170.93474185250375, 1.6548623854991245, 0, 0], "(-1, -1, -1, 0, 0, 0, 0, 0, 0)": [-0.1, 0.3940399, 0, 0], "(0, 0, 0, 0, 5, 0, -1, -1, -1)": [7.106521181830702, 7.072462846608087, 7.043617300069312, 9.69727539586801], "(-1, 0, 0, -1, 5, 0, -1, -1, -1)": [0.1950870597681248, 0.055483882298829834, 0.683142106631459, 4.010439935338388], "(0, 0, 0, 0, 0, 0, -1, -1, -1)": [0.38402104560279804, -0.01743276145202799, 0.1735464347083694, 2.7501966404214637], "(0, 0, 1, 0, 5, 0, -1, -1, -1)": [5.327333201356881, 5.333330644748947, 5.52029518264718, 8.88192117576423], "(0, 1, 1, 0, 5, 0, -1, -1, -1)": [-978.2006678303512, 7.725674773288495, 7.751866290454967, 9.931599934061621], "(0, 0, 0, 0, 0, 0, 0, 0, 0)": [0.7305497255250886, 5.828791200667795, -71.35554754249026, -109.00349946402139], "(-1, -1, -1, 0, 5, 0, 0, 0, 0)": [0.3445599982022649, -62.438837278279934, 0.4580635493187808, 4.387956183312317], "(-1, -1, -1, 0, 0, 0, 0, 0, 1)": [-0.08209, 0, 0, 0.29701], "(-1, -1, -1, 0, 5, 0, 0, 1, 1)": [-0.185801003116291, -271.0, -0.19, 0.6793465209301001], "(0, 0, 1, 0, 5, 0, 0, 0, 0)": [6.947785226915642, 9.764534336890485, 6.700141971529671, 8.503698276509354], "(0, 0, 1, 0, 0, 0, -1, -1, -1)": [-0.17696791435505968, -0.15642395547571, -0.08993105547571001, 1.902721317787415], "(0, 1, 1, 0, 0, 0, -1, -1, -1)": [-343.09892843738834, 0.3362957417551882, 0.31013051924630114, 3.949939328624634], "(1, 1, 0, 0, 5, 1, -1, -1, -1)": [-972.6867584106492, -9.08237204580608, -9.079038042515554, -986.6735466909532], "(1, 1, 0, 0, 0, 1, -1, -1, -1)": [-983.7056210262652, -8.175694783376509, -8.170934629995719, -975.2826673688426], "(-1, 0, 0, -1, 0, 0, -1, -1, -1)": [-0.154536409, -0.1373321344609, -0.02216552273527679, 0.9561792499119552], "(0, 0, -1, 0, 5, -1, 0, 0, -1)": [-0.1, 1.3994164535871152, -0.10579358093429125, 0.010231079300928859], "(1, 1, -1, 0, 0, -1, 0, 0, -1)": [-190.0, 0, -0.1, 0], "(0, 1, 1, 0, 5, 1, 0, 0, 0)": [0, 0, 0, -100.0], "(1, 1, 0, 0, 5, 0, 0, 0, 0)": [-189.9473321344609, 2.4528071279636734, 0.07124491860086735, 0.4713715991200237], "(0, 1, 1, 0, 5, 0, 0, 0, 0)": [-189.78493883122462, 0.4268716415167306, -0.03271931634917821, 2.676966303456024], "(-1, -1, -1, 0, 0, 0, 0, 1, 1)": [-0.1, -100.0, -0.1, 0.199], "(0, 0, 0, 0, 5, 0, 1, 0, 0)": [0.10820316075959897, 2.7501966404214637, -0.02699928369415651, 0.45198823697069845], "(0, 0, 0, 1, 5, 0, 0, 1, 0)": [-0.1, -343.77890856616995, -190.0, 0.7725530557207991], "(0, 0, 0, 0, 5, 0, 1, 1, 0)": [-0.1, -189.9388588131163, -0.26058381301, 0.6793465209301001], "(0, 0, 0, 0, 0, 1, 0, 0, 0)": [0, 0.29701, 0, 0], "(1, 1, 1, 0, 5, 0, 0, 0, 0)": [-100.0, 0.3940399, -0.154536409, 0], "(0, 1, -1, 0, 5, -1, 0, 0, -1)": [-100.0, 0.1, 0, -0.1], "(0, 1, -1, 0, 0, -1, 0, 0, -1)": [0, 0.1, 0, 0], "(0, 0, -1, 0, 5, -1, 1, 0, -1)": [110.16361545548364, 1224.78977001032, 69.42977501487191, 35.36359100000001], "(0, 0, 0, 0, 5, 0, 0, 0, 1)": [3.74412807732414, 7.872742967709813, 3.42205370325715, 5.141779729444352], "(0, 0, 0, 0, 5, 0, 0, 1, 0)": [-0.16064638454451635, -253.65402198532905, -0.106451761452028, 1.7383137616441333], "(0, 0, 0, 1, 5, 0, 0, 0, 0)": [-0.1, 0.6793465209301001, -90.145536409, 0.15266786553910003], "(1, 0, 0, 0, 5, 0, 0, 0, 1)": [-0.08209, 0, -0.24661000000000002, 0.58519850599], "(0, 0, 0, 0, 5, 0, 0, 1, 1)": [-0.1121655227352768, -270.8589167993126, -0.18100000000000002, 0.9561792499119552], "(1, 0, 0, 0, 5, 0, 0, 0, 0)": [0, 0.29701, 0, 0], "(0, 0, -1, 0, 0, -1, 1, 0, -1)": [-0.1, 0, 0, 0], "(0, 0, 1, 0, 5, 0, 0, 0, 1)": [-0.03878948594165328, 0.10900000000000001, 0, 0.6801168228705191], "(0, 1, 0, 0, 5, 0, 0, 1, 1)": [-190.0, -100.0, -0.1, 0], "(0, 0, -1, 0, 0, -1, 0, 0, -1)": [0, 0.1, 0, 0], "(-1, -1, -1, 0, 5, 0, 1, 1, 0)": [-0.1, -89.9, -0.19, 0.3940399], "(-1, -1, -1, 0, 0, 0, 1, 1, 0)": [0, -99.90100000000001, 0, 0], "(-1, -1, -1, 0, 5, 0, 1, 1, 1)": [-0.1, -100.0, -0.1, 0.1], "(-1, -1, -1, 0, 0, 0, 1, 1, 1)": [0, 0, -0.1, 0], "(-1, -1, -1, 0, 5, 0, 0, 1, 0)": [0, 0.11791000000000001, 0, 0.29701], "(-1, -1, -1, 0, 5, 1, 1, 0, 0)": [-0.1, 0.29701, -0.08209, -100.0], "(-1, -1, -1, 0, 0, 1, 1, 0, 0)": [0, 0.1, 0, 0], "(0, 0, 1, 1, 5, 0, 0, 0, 1)": [0, 0.3940399, 0, 0], "(-1, -1, -1, 0, 5, 1, 0, 0, 0)": [-0.1, 0.490099501, -0.17209000000000002, -100.0], "(-1, -1, -1, 0, 0, 1, 0, 0, 0)": [0, 0, 0, -100.0], "(0, 1, 1, 0, 5, 0, 0, 1, 1)": [0, 0, -0.08209, 0.199], "(1, 0, -1, 0, 5, -1, 1, 1, -1)": [-90.1, 0, 0, -0.1], "(1, 0, -1, 0, 0, -1, 1, 1, -1)": [-0.1, 0, 0, 0], "(-1, -1, -1, 1, 0, -1, 0, 0, -1)": [-0.1, 0.1, -99.991, 0], "(1, 0, 0, 0, 5, 1, 0, 0, 0)": [0, 0.29701, 0, 0], "(-1, -1, -1, 0, 5, 0, 1, 0, 0)": [-0.1, 0, -0.1, 0], "(-1, -1, -1, 0, 0, 0, 1, 0, 0)": [-0.1, 0, 0, 0]}