{"(-1, -1, -1, -1, 5, 0, -1, 0, 0)": [0.8306627308222785, 2.239655247297454, 0.9136825852222237, 3.1789843903490222], "(-1, -1, -1, -1, 0, 0, -1, 0, 0)": [0.00517042721413704, 0.9623265165207449, -0.04634187722699534, 0.23372043853974753], "(-1, 0, 0, -1, 5, 0, -1, 0, 0)": [-32.3946542777345, -55.164059920760366, -38.51985501327323, -30.79372380145015], "(-1, 0, 0, -1, 0, 0, -1, 0, 0)": [-4.646222592524747, -99.28858833561266, -3.997034298224787, -2.8191575027395945], "(-1, 0, 0, -1, 1, 0, -1, 0, 0)": [0, 0, 0, 0], "(0, 0, 0, 0, 5, 0, 0, 0, 0)": [-29.21958751980006, -21.207232447795445, -35.207225019222754, -29.814168381591145], "(-1, -1, -1, 0, 5, 0, 0, 0, 0)": [-0.03942673654315963, 2.3361883476167393, -0.08331578838988271, 1.366239179109447], "(-1, -1, -1, 0, 0, 0, 0, 0, 0)": [-0.10900000000000001, 0.5327050069, 0, 0.12504610000000002], "(-1, 0, 0, -1, 5, 0, -1, 1, 0)": [-94.0020523379317, -184.05920253738515, -18.940301659975866, -24.119], "(-1, 1, 0, -1, 5, 0, -1, 1, 0)": [0, 0, 0, 0.46855900000000006], "(0, 0, 0, 0, 5, 0, 0, 1, 0)": [-685.5783820821891, -1052.7332191007279, -172.9274598597125, -250.98175322949027], "(0, 0, 0, 0, 5, 0, 0, 1, 1)": [-1080.7040170908294, -1193.2202884680949, -94.10439601275388, -252.04053862002456], "(0, 0, 0, 0, 5, 0, 1, 1, 0)": [-413.03406790960275, -552.7136994086027, -98.99655998361652, -208.86886038479977], "(0, 0, 1, 0, 5, 1, 1, 0, 0)": [-0.10900000000000001, -16.911677510000004, -0.20863900000000002, -100.00900000000001], "(0, 0, 1, 0, 0, 1, 0, 0, 1)": [-0.10900000000000001, 0, 0, 0], "(1, 0, 0, 0, 5, 1, 0, 0, 1)": [0, 0, 0, -190.0], "(0, 0, -1, 0, 1, -1, 1, 0, -1)": [0, 0, 0, 0], "(0, 0, 0, 0, 5, 0, 1, 0, 0)": [1.3937213962481818, 3.3588371333801086, -0.5469382063442223, 3.526502621417776], "(0, 0, 0, 1, 5, 0, 0, 0, 0)": [-0.15046825233878477, -38.72212642905526, -814.7043848259985, 0.49085469951265104], "(1, 0, 0, 0, 5, 0, 1, 0, 0)": [-0.0004493393932470738, 2.263207518452261, -0.1039501007154769, 0.6657742309221952], "(0, 0, 0, 0, 1, 0, -1, -1, -1)": [0, 0, 0, 0], "(1, 0, 0, 0, 5, 0, 0, 0, 1)": [-0.18417396634993632, 0.6449667028357854, -173.3469196862576, 0.6552506180569305], "(1, 0, 0, 1, 5, 0, 0, 0, 1)": [-2.316150875060751, -23.003323973331028, -254.54724354190503, -35.4947991279739], "(1, 0, 0, 0, 5, 1, -1, -1, -1)": [-0.423361, -0.47094828834790003, -0.4980957889069, -100.01710000000001], "(0, 0, 0, 0, 5, 1, -1, -1, -1)": [-49.18823850439752, -36.11022217133994, -47.189039444375084, -346.89725792110005], "(0, 0, 0, 0, 5, 0, 1, 0, 1)": [-0.3296948037782588, 1.128044196684774, -0.05351363607848013, 1.2204847916018755], "(0, 0, 1, 0, 5, 0, 1, 1, 0)": [-80.36362616037873, -353.21403509528574, -80.18776026576393, -95.30595323805174], "(0, 0, 0, 0, 5, 1, 0, 0, 0)": [-0.4454917095855619, -8.729882900000003, -0.46911342368556197, -99.90729234100002], "(0, 1, 0, 0, 5, 0, 0, 0, 1)": [-0.1, 0.19, 0, 0], "(0, 0, 0, 0, 0, 0, 0, 0, 0)": [-0.1, 0, 0, 0], "(0, 0, 0, 1, 5, 0, 1, 0, 0)": [-0.12263568328068819, 1.1315734446186458, -271.00268969963435, 0.3656050468237812], "(-1, 1, 0, -1, 0, 0, -1, 0, 0)": [-100.0, 0.77396763871, 0, 0.1], "(0, 0, 0, 1, 5, 1, -1, -1, -1)": [-26.70139609600988, -26.788104059024306, -348.714082, -192.81654100000003], "(0, 0, 0, 0, 1, 1, -1, -1, -1)": [0, 0, 0, 0], "(-1, 1, 0, -1, 1, 0, -1, 0, 0)": [0, 0, 0, 0], "(0, 0, 0, 0, 5, 1, 1, 0, 0)": [-100.09, -26.243175590000003, -6.088281036795336, -191.5574851], "(0, 0, 1, 0, 0, 0, 0, 0, 1)": [-0.1, 0.1, -0.09100000000000001, 0], "(0, 0, 0, 0, 5, 0, 0, 0, 1)": [-0.1, 0.3358, 0, 0.1199512], "(0, 0, 1, 0, 5, 0, 0, 0, 0)": [-0.17371, 0, 0, 0.523392769], "(1, 0, 0, 0, 5, 1, 0, 0, 0)": [-0.10900000000000001, 0, -0.1, 0], "(0, 1, 0, 0, 5, 0, 0, 0, 0)": [-261.5671621, 0, 0, 0], "(-1, -1, -1, 0, 1, 0, 0, 0, 0)": [0, 0, 0, 0], "(0, 0, -1, 0, 1, -1, 0, 0, -1)": [0, 0, 0, 0], "(0, 0, 1, 1, 5, 0, -1, -1, -1)": [0, -0.10900000000000001, -100.00900000000001, 686.1342717540099], "(0, 1, -1, 0, 0, -1, -1, -1, -1)": [0, 0, 0, 0], "(0, 1, 1, 0, 5, 1, 1, 0, 0)": [-0.09100000000000001, 0.271, -9.1, -207.10000000000002], "(0, 0, 1, 0, 1, 1, 0, 0, 1)": [0, 0, 0, 0], "(0, 0, 1, 0, 1, 0, 0, 0, 1)": [0, 0, 0, 0], "(0, 0, 0, 0, 0, 1, -1, -1, -1)": [-2.4720705100000004, -3.4871694031000007, -4.7127671200000005, -190.81900000000002], "(-1, 0, 0, -1, 5, 0, -1, -1, -1)": [-0.19, -0.1899829, -0.011060336283177276, 0.7918976257932812], "(-1, 1, 0, -1, 5, 0, -1, -1, -1)": [-100.0, -0.2539, -0.18100000000000002, -1.7148869000000002], "(0, 0, 0, 1, 1, 0, -1, -1, -1)": [0, 0, 0, 0], "(0, 0, 0, 1, 0, 1, -1, -1, -1)": [-29.612269619783447, -13.501577292696966, -373.3829602311313, -439.39934111537286], "(-1, 0, 0, -1, 0, 0, -1, -1, -1)": [-0.23596563790000002, -0.23136907411000002, -0.11863900000000001, 0], "(-1, 1, 0, -1, 0, 0, -1, -1, -1)": [-100.09, -0.9696394900000004, -0.1, 0.271], "(-1, 0, 0, -1, 1, 0, -1, 1, 0)": [0, 0, 0, 0], "(0, 1, 0, 0, 5, 1, 1, 0, 0)": [-117.30522013480001, -132.2023175390214, -126.22486770259611, -199.00134144100002], "(-1, 0, 0, -1, 0, 0, -1, 1, 0)": [-0.19, -100.0, -0.991, 0.271], "(-1, 1, 0, -1, 0, 0, -1, 1, 0)": [-100.0, 0, 0, 0], "(0, 0, 1, 1, 0, 0, -1, -1, -1)": [0, 0, 0, 0], "(0, 1, -1, 0, 1, -1, 0, 0, -1)": [0, 0, 0, 0], "(1, 0, 0, 0, 0, 1, -1, -1, -1)": [-0.28, -0.10900000000000001, -0.1, -100.00900000000001], "(1, 1, -1, 0, 1, -1, 0, 0, -1)": [0, 0, 0, 0], "(1, 0, -1, 0, 1, -1, 0, 0, -1)": [0, 0, 0, 0], "(0, 0, 0, 0, 1, 0, 0, 0, 0)": [0, 0, 0, 0], "(0, 0, 1, 0, 5, 0, 1, 0, 0)": [-0.1, 0.1, 0, 0], "(-1, -1, -1, 1, 5, 0, 0, 0, 1)": [-0.1, 0, 0, 0], "(-1, -1, -1, 1, 0, 0, 0, 0, 1)": [-0.10900000000000001, 0.09100000000000001, 0, 0], "(0, 1, -1, 0, 5, -1, 0, 0, -1)": [-100.0, 0, 0, 0], "(0, 0, 0, 0, 5, 1, 0, 1, 0)": [-0.1, 0.1, 0, 0], "(-1, -1, -1, 0, 5, 1, 0, 0, 0)": [-0.1, 0.1, 0, 0], "(-1, -1, -1, 0, 0, 1, 0, 0, 0)": [-0.1, 0.1, 0, 0], "(0, 0, 0, 1, 5, 0, 0, 0, 1)": [0, 0, 0, 0.1], "(0, 0, -1, 0, 5, -1, 0, 1, -1)": [-0.1, 0, 0, 0]}